horse_name,horse_id,trainer,recent_form,total_races,wins,updated_date
占士德,HK_2023_J007,鄭俊偉,2-4-5,60,6,2026-05-14
好評如潮,HK_2025_L223,鄭俊偉,3-4-1,53,3,2026-05-14
愛馬善,HK_2022_H155,鄭俊偉,4-4-2,27,9,2026-05-14
團結勇士,HK_2024_K340,鄭俊偉,5-1-4,10,2,2026-05-14
領航君子,HK_2024_K310,鄭俊偉,3-4-3,29,8,2026-05-14
晶晶日上,HK_2022_H089,鄭俊偉,5-1-2,10,11,2026-05-14
帥帥友福,HK_2023_J418,鄭俊偉,5-1-3,36,11,2026-05-14
時尚風趣,HK_2023_J164,鄭俊偉,3-4-2,46,1,2026-05-14
愛馬心,HK_2025_L220,鄭俊偉,3-3-1,32,9,2026-05-14
自力更生,HK_2021_G209,鄭俊偉,2-1-1,60,9,2026-05-14
鋼鐵安防,HK_2025_L174,鄭俊偉,5-2-1,19,6,2026-05-14
縱橫天下,HK_2021_G123,鄭俊偉,1-5-3,15,10,2026-05-14
快活精神,HK_2024_K326,鄭俊偉,1-1-4,17,1,2026-05-14
新力,HK_2022_H325,鄭俊偉,1-1-2,39,1,2026-05-14
三強,HK_2024_K229,鄭俊偉,3-3-1,33,8,2026-05-14
乾坤圈,HK_2025_L385,鄭俊偉,5-5-2,42,2,2026-05-14
好力,HK_2025_L228,鄭俊偉,3-1-2,17,1,2026-05-14
時尚歡笑,HK_2025_L227,鄭俊偉,5-3-3,54,2,2026-05-14
晉泰大有,HK_2024_K432,鄭俊偉,2-1-1,40,2,2026-05-14
瑤瑤日上,HK_2023_J423,鄭俊偉,2-3-1,23,4,2026-05-14
勤德天下,HK_2024_K327,鄭俊偉,4-4-5,52,2,2026-05-14
傲然,HK_2024_K383,鄭俊偉,3-2-3,46,10,2026-05-14
時尚歡欣,HK_2022_H041,鄭俊偉,1-2-1,50,12,2026-05-14
領航多財,HK_2025_L101,鄭俊偉,3-4-4,54,3,2026-05-14
風繼續吹,HK_2020_E471,鄭俊偉,4-5-3,44,11,2026-05-14
領航多福,HK_2025_L201,鄭俊偉,4-1-1,19,8,2026-05-14
健康小馬,HK_2025_L046,鄭俊偉,3-2-3,32,6,2026-05-14
桃花俊,HK_2025_L066,鄭俊偉,4-1-3,36,3,2026-05-14
頑童,HK_2025_L144,鄭俊偉,5-3-5,35,1,2026-05-14
精算奕然,HK_2024_K295,鄭俊偉,2-2-3,49,7,2026-05-14
摘星聲升,HK_2024_K390,鄭俊偉,4-1-4,57,4,2026-05-14
真叻仔,HK_2024_K435,鄭俊偉,4-3-1,17,4,2026-05-14
多多開心,HK_2025_L017,鄭俊偉,2-1-3,16,4,2026-05-14
海王,HK_2024_K523,鄭俊偉,2-3-2,28,2,2026-05-14
精算特殊,HK_2022_H354,鄭俊偉,2-5-5,32,9,2026-05-14
八里旺,HK_2023_J243,鄭俊偉,4-3-3,38,8,2026-05-14
知恩圖報,HK_2024_K166,鄭俊偉,1-3-2,50,10,2026-05-14
桃花多,HK_2020_E488,鄭俊偉,5-4-1,43,4,2026-05-14
添喜運,HK_2023_J218,鄭俊偉,4-5-3,26,8,2026-05-14
領航傳祺,HK_2021_G126,鄭俊偉,5-4-4,44,6,2026-05-14
威德勇士,HK_2023_J385,鄭俊偉,5-2-1,54,4,2026-05-14
樂矚心機,HK_2023_J453,鄭俊偉,4-1-3,32,11,2026-05-14
機緣燦爛,HK_2025_L190,鄭俊偉,1-3-1,45,2,2026-05-14
綠頂峰,HK_2025_L250,鄭俊偉,4-3-2,49,7,2026-05-14
錶之銀河,HK_2022_H399,桂福特,4-3-3,21,3,2026-05-14
綠族無限,HK_2022_H338,桂福特,1-4-3,50,11,2026-05-14
威利金箭,HK_2025_L035,桂福特,2-2-4,48,10,2026-05-14
金牌活力,HK_2023_J402,桂福特,2-1-4,25,9,2026-05-14
開心勇駒,HK_2022_H451,桂福特,3-4-1,43,1,2026-05-14
開心福駒,HK_2025_L413,桂福特,4-3-3,11,2,2026-05-14
三甲之星,HK_2025_L122,桂福特,4-2-2,27,11,2026-05-14
堅先生,HK_2025_L232,桂福特,2-5-3,50,9,2026-05-14
同心同夢,HK_2025_L215,桂福特,1-3-3,39,2,2026-05-14
有龍則靈,HK_2025_L395,桂福特,2-4-4,17,5,2026-05-14
偵探傳奇,HK_2025_L117,桂福特,1-1-4,60,1,2026-05-14
奇異果,HK_2024_K285,桂福特,5-2-1,31,1,2026-05-14
煜耀良駒,HK_2025_L412,桂福特,3-4-3,21,10,2026-05-14
安路,HK_2025_L239,桂福特,2-4-1,59,8,2026-05-14
嵐鑽,HK_2025_L378,桂福特,3-4-2,18,11,2026-05-14
L436,HK_2025_L436,桂福特,2-1-2,49,10,2026-05-14
從化之星,HK_2025_L337,桂福特,5-5-1,56,1,2026-05-14
開心進駒,HK_2025_L285,桂福特,4-5-5,41,1,2026-05-14
騰昇瀧駒,HK_2025_L340,桂福特,3-4-1,54,8,2026-05-14
大樹萃星,HK_2025_L403,桂福特,3-1-2,24,7,2026-05-14
天馬行雲,HK_2025_L221,桂福特,1-4-3,57,10,2026-05-14
威武心得,HK_2025_L467,桂福特,1-1-5,14,6,2026-05-14
寰宇神采,HK_2025_L425,桂福特,3-1-4,53,9,2026-05-14
手到快來,HK_2025_L299,桂福特,2-4-5,51,9,2026-05-14
本領多好,HK_2025_L315,桂福特,5-5-4,48,2,2026-05-14
發發發,HK_2025_L302,桂福特,3-5-1,36,8,2026-05-14
北斗福星,HK_2025_L238,桂福特,2-2-3,59,11,2026-05-14
妙算強人,HK_2024_K577,桂福特,1-4-4,47,3,2026-05-14
佛亮老撾,HK_2024_K174,桂福特,4-4-4,19,11,2026-05-14
佳駿年年,HK_2024_K286,桂福特,5-5-5,37,11,2026-05-14
光年八十,HK_2022_H170,桂福特,3-4-2,23,2,2026-05-14
渡月橋,HK_2024_K334,桂福特,5-2-1,54,3,2026-05-14
伶俐驫駒,HK_2022_H108,桂福特,5-4-3,13,11,2026-05-14
團結巴打,HK_2025_L150,桂福特,5-4-3,19,12,2026-05-14
贏得威楓,HK_2025_L248,桂福特,3-2-4,47,11,2026-05-14
鼓浪好友,HK_2023_J217,桂福特,4-5-3,12,9,2026-05-14
金發盛世,HK_2020_E490,桂福特,2-4-2,54,11,2026-05-14
團結戰靈,HK_2024_K132,桂福特,2-3-3,20,7,2026-05-14
喜駿昇星,HK_2025_L294,桂福特,4-5-2,19,7,2026-05-14
奇異歡星,HK_2024_K255,桂福特,4-2-5,31,4,2026-05-14
搏一搏,HK_2025_L437,桂福特,4-2-4,28,5,2026-05-14
盈俊天下,HK_2025_L346,桂福特,3-3-3,20,5,2026-05-14
神箭,HK_2025_L254,桂福特,1-1-3,55,6,2026-05-14
福盈,HK_2025_L422,桂福特,5-3-3,51,4,2026-05-14
猶有心得,HK_2024_K394,桂福特,3-1-3,21,9,2026-05-14
隋我同來,HK_2024_K332,桂福特,5-5-3,55,12,2026-05-14
暴風一族,HK_2024_K104,桂福特,1-2-2,38,7,2026-05-14
鳳翼天翔,HK_2024_K404,桂福特,2-3-2,40,3,2026-05-14
瀧澤飛駒,HK_2022_H339,桂福特,3-2-4,36,9,2026-05-14
銀騰,HK_2023_J078,桂福特,3-5-2,15,3,2026-05-14
牛精豪情,HK_2024_K181,桂福特,4-4-3,26,12,2026-05-14
幽默大師,HK_2024_K281,桂福特,5-4-3,54,9,2026-05-14
特別美麗,HK_2022_H123,桂福特,1-1-1,32,8,2026-05-14
競駿天下,HK_2021_G272,桂福特,2-1-2,29,6,2026-05-14
龍船快,HK_2021_G229,桂福特,1-5-5,47,12,2026-05-14
運籌帷幄,HK_2024_K090,桂福特,4-1-2,34,9,2026-05-14
金風萬里,HK_2024_K150,桂福特,3-1-2,37,10,2026-05-14
悠悠乾坤,HK_2024_K059,桂福特,3-2-2,58,11,2026-05-14
摯友心得,HK_2024_K263,桂福特,4-2-2,16,9,2026-05-14
超風速,HK_2023_J205,桂福特,1-4-4,18,11,2026-05-14
怡昌奇兵,HK_2023_J176,桂福特,5-4-3,49,11,2026-05-14
藍爵爺,HK_2023_J448,桂福特,2-5-1,11,8,2026-05-14
銳一,HK_2023_J037,桂福特,4-3-1,19,12,2026-05-14
歡樂老撾,HK_2022_H432,桂福特,4-5-1,22,4,2026-05-14
開心三多,HK_2022_H293,桂福特,2-4-3,32,12,2026-05-14
飛躍凱旋,HK_2021_G250,桂福特,5-2-3,25,9,2026-05-14
L476,HK_2025_L476,桂福特,5-5-1,26,3,2026-05-14
L472,HK_2025_L472,桂福特,4-4-3,39,10,2026-05-14
共建世界,HK_2025_L276,桂福特,4-1-3,58,6,2026-05-14
煌令,HK_2025_L289,桂福特,2-3-2,55,2,2026-05-14
逐夢想,HK_2025_L465,桂福特,3-4-5,20,7,2026-05-14
美麗第一,HK_2022_H294,告東尼,1-1-4,33,5,2026-05-14
美麗同享,HK_2020_E058,告東尼,4-1-1,50,10,2026-05-14
時時歡聲,HK_2024_K350,告東尼,5-5-3,22,4,2026-05-14
桃花開,HK_2023_J301,告東尼,2-4-5,45,3,2026-05-14
加州動員,HK_2022_H418,告東尼,2-2-5,36,8,2026-05-14
君子傳承,HK_2024_K385,告東尼,3-2-2,10,2,2026-05-14
美麗星晨,HK_2024_K491,告東尼,5-2-1,28,12,2026-05-14
又龍串鳳,HK_2020_E461,告東尼,5-2-5,11,2,2026-05-14
小霸王,HK_2021_G265,告東尼,3-1-5,35,1,2026-05-14
得道猴王,HK_2023_J303,告東尼,2-2-1,55,8,2026-05-14
快路,HK_2022_H219,告東尼,2-4-3,10,10,2026-05-14
八駿巨昇,HK_2022_H092,告東尼,2-1-5,57,8,2026-05-14
同樣美麗,HK_2022_H334,告東尼,1-5-3,44,6,2026-05-14
奔放,HK_2024_K156,告東尼,1-1-2,38,1,2026-05-14
嘉應勇將,HK_2025_L094,告東尼,3-5-4,52,10,2026-05-14
東來欣賞,HK_2023_J290,告東尼,1-2-5,28,12,2026-05-14
黃金大亨,HK_2025_L135,告東尼,5-4-4,60,6,2026-05-14
八駿福昇,HK_2024_K086,告東尼,4-4-1,35,2,2026-05-14
萬事順,HK_2025_L354,告東尼,4-4-2,11,8,2026-05-14
亞機拉,HK_2022_H113,告東尼,1-2-5,40,6,2026-05-14
八威昇騰,HK_2025_L357,告東尼,1-5-2,21,2,2026-05-14
加州報捷,HK_2024_K509,告東尼,1-3-5,10,10,2026-05-14
加州鬥士,HK_2025_L430,告東尼,4-2-4,52,3,2026-05-14
御登,HK_2025_L077,告東尼,2-4-4,22,6,2026-05-14
爆發,HK_2025_L374,告東尼,2-5-5,57,11,2026-05-14
加州活力,HK_2023_J131,告東尼,1-1-3,53,4,2026-05-14
勝萬金,HK_2022_H405,告東尼,5-5-4,18,7,2026-05-14
爆笑,HK_2023_J079,告東尼,3-3-1,44,4,2026-05-14
開心瑰寶,HK_2025_L027,告東尼,2-4-5,43,11,2026-05-14
美麗邂逅,HK_2020_E459,告東尼,4-5-1,13,12,2026-05-14
財將,HK_2025_L234,告東尼,3-2-4,34,11,2026-05-14
劍飛聲,HK_2025_L097,告東尼,1-2-4,47,3,2026-05-14
驍將,HK_2024_K567,告東尼,4-2-5,12,9,2026-05-14
爆出美麗,HK_2024_K155,告東尼,1-4-3,37,7,2026-05-14
加州星馳,HK_2023_J123,告東尼,2-2-5,26,11,2026-05-14
寶成智好,HK_2024_K301,告東尼,2-1-3,41,3,2026-05-14
八駿笑昇,HK_2022_H296,告東尼,4-1-4,35,12,2026-05-14
砂漿麒星,HK_2024_K333,告東尼,5-1-2,28,12,2026-05-14
加州勇勝,HK_2024_K364,告東尼,3-4-2,38,8,2026-05-14
勝之組合,HK_2025_L292,告東尼,3-4-4,11,1,2026-05-14
牛精新星,HK_2025_L200,告東尼,3-2-2,45,9,2026-05-14
開心五月,HK_2024_K016,告東尼,5-5-4,36,11,2026-05-14
久久為軍,HK_2024_K231,告東尼,4-1-2,56,4,2026-05-14
駿馬之光,HK_2024_K159,告東尼,4-2-1,13,3,2026-05-14
燊輝之星,HK_2025_L067,告東尼,2-5-4,12,7,2026-05-14
花果猴王,HK_2022_H455,告東尼,2-2-1,60,11,2026-05-14
雙子美麗,HK_2025_L129,告東尼,2-1-5,60,9,2026-05-14
劍無名,HK_2023_J547,告東尼,3-2-4,43,5,2026-05-14
萬事勝利,HK_2025_L163,告東尼,5-2-5,57,4,2026-05-14
爆竹,HK_2025_L065,告東尼,2-3-1,40,12,2026-05-14
竣誠駒,HK_2022_H486,告東尼,5-3-1,21,11,2026-05-14
堅闖,HK_2023_J015,告東尼,3-2-1,47,9,2026-05-14
鐵甲驌龍,HK_2023_J459,告東尼,3-4-4,38,3,2026-05-14
千杯,HK_2023_J482,告東尼,3-4-2,21,1,2026-05-14
劍無情,HK_2023_J535,告東尼,1-2-2,12,4,2026-05-14
架勢奇爸,HK_2021_G312,告東尼,4-3-3,49,11,2026-05-14
爆熱,HK_2021_G368,告東尼,4-3-1,27,2,2026-05-14
一鹿歡騰,HK_2023_J002,告東尼,1-1-4,35,6,2026-05-14
萬事得意,HK_2024_K171,告東尼,3-3-5,24,8,2026-05-14
美麗歡聲,HK_2022_H066,告東尼,1-4-3,24,4,2026-05-14
美麗多盈,HK_2021_G477,告東尼,4-1-2,24,8,2026-05-14
華美之威,HK_2023_J193,告東尼,4-1-3,27,6,2026-05-14
L505,HK_2025_L505,告東尼,2-3-3,51,8,2026-05-14
L481,HK_2025_L481,告東尼,1-5-2,28,12,2026-05-14
量子猴王,HK_2025_L393,告東尼,5-2-2,20,6,2026-05-14
驍勇萌萌,HK_2025_L358,告東尼,5-5-4,28,9,2026-05-14
光年魅力,HK_2024_K130,游達榮,4-5-3,29,8,2026-05-14
顏色之皇,HK_2024_K227,游達榮,5-5-4,52,5,2026-05-14
銀亮奔騰,HK_2024_K057,游達榮,4-1-5,57,9,2026-05-14
紫荊傳令,HK_2025_L108,游達榮,4-4-2,39,10,2026-05-14
駿步騰飛,HK_2022_H395,游達榮,2-3-1,25,10,2026-05-14
一定超,HK_2024_K298,游達榮,2-3-5,41,1,2026-05-14
喜蓮勁感,HK_2025_L028,游達榮,2-2-3,41,11,2026-05-14
將睿,HK_2024_K356,游達榮,3-3-4,27,5,2026-05-14
英駿飛駒,HK_2022_H376,游達榮,4-3-3,50,6,2026-05-14
泰坦,HK_2025_L213,游達榮,1-2-1,10,1,2026-05-14
魅力奔騰,HK_2024_K426,游達榮,4-3-4,14,11,2026-05-14
同心同樂,HK_2024_K081,游達榮,2-4-1,55,10,2026-05-14
川河耀駒,HK_2025_L109,游達榮,5-4-2,22,6,2026-05-14
神鵰,HK_2025_L336,游達榮,2-3-1,30,8,2026-05-14
競駿皇者,HK_2024_K011,游達榮,1-2-1,41,3,2026-05-14
粵港資駒,HK_2025_L033,游達榮,4-5-3,60,2,2026-05-14
飛馳九洲,HK_2025_L283,游達榮,3-1-3,41,2,2026-05-14
時時精準,HK_2024_K037,游達榮,5-4-5,26,6,2026-05-14
冠益善,HK_2025_L468,游達榮,4-1-5,14,1,2026-05-14
川河動駒,HK_2022_H456,游達榮,5-5-5,21,9,2026-05-14
幸運風彩,HK_2024_K576,游達榮,1-3-5,37,6,2026-05-14
開心老闆,HK_2024_K453,游達榮,1-1-2,27,10,2026-05-14
怡傲錢莊,HK_2025_L222,游達榮,4-5-3,28,8,2026-05-14
三寶進財,HK_2025_L167,游達榮,1-1-1,23,7,2026-05-14
事理,HK_2025_L338,游達榮,2-4-4,28,4,2026-05-14
幸運多彩,HK_2024_K146,游達榮,3-1-4,11,9,2026-05-14
正義波,HK_2024_K473,游達榮,1-4-5,60,2,2026-05-14
騰龍踏雪,HK_2025_L111,游達榮,5-4-1,34,2,2026-05-14
佳登,HK_2024_K162,游達榮,2-2-3,49,4,2026-05-14
時時開心,HK_2024_K550,游達榮,4-5-4,39,7,2026-05-14
同益善,HK_2024_K254,游達榮,1-2-4,28,5,2026-05-14
盈益善,HK_2022_H431,游達榮,3-3-4,17,11,2026-05-14
蹺妙,HK_2025_L031,游達榮,5-3-4,10,5,2026-05-14
創科群英,HK_2024_K319,游達榮,3-4-2,52,10,2026-05-14
如蝶翩翩,HK_2024_K278,游達榮,3-5-2,14,5,2026-05-14
L445,HK_2025_L445,游達榮,4-4-2,26,7,2026-05-14
你是我的,HK_2025_L416,游達榮,5-3-3,14,6,2026-05-14
明智福將,HK_2025_L365,游達榮,1-3-2,10,9,2026-05-14
時時歡笑,HK_2025_L320,游達榮,5-1-3,18,6,2026-05-14
本領輝煌,HK_2024_K062,游達榮,5-5-5,39,10,2026-05-14
滿利時,HK_2025_L347,游達榮,4-2-2,55,1,2026-05-14
燈胆輝煌,HK_2025_L025,游達榮,1-4-5,36,2,2026-05-14
祥勝鷹駒,HK_2025_L341,游達榮,2-2-4,29,1,2026-05-14
精益時代,HK_2025_L297,游達榮,5-1-1,29,4,2026-05-14
金鼓大班,HK_2024_K506,游達榮,3-2-3,52,4,2026-05-14
鬥破蒼穹,HK_2025_L342,游達榮,1-4-1,14,6,2026-05-14
馬上盈,HK_2023_J394,游達榮,4-5-1,14,10,2026-05-14
馬鳳凰,HK_2023_J516,游達榮,5-2-3,39,12,2026-05-14
龍之尊,HK_2024_K462,游達榮,4-2-2,42,1,2026-05-14
勁砲王,HK_2024_K543,游達榮,3-1-5,32,11,2026-05-14
奮鬥輝煌,HK_2023_J236,游達榮,3-2-2,54,6,2026-05-14
風火猴王,HK_2023_J511,游達榮,2-4-1,25,11,2026-05-14
戰寶,HK_2024_K257,游達榮,4-3-5,20,4,2026-05-14
隨緣得勝,HK_2024_K223,游達榮,3-1-2,11,8,2026-05-14
海鑽石,HK_2025_L072,游達榮,1-2-3,15,7,2026-05-14
星將,HK_2024_K331,游達榮,1-3-3,14,4,2026-05-14
榮耀盛甲,HK_2024_K290,游達榮,4-5-2,18,3,2026-05-14
家樂寶駒,HK_2024_K300,游達榮,4-1-4,13,3,2026-05-14
川河型駒,HK_2023_J080,游達榮,4-1-3,40,10,2026-05-14
無極勇將,HK_2023_J169,游達榮,5-5-3,49,12,2026-05-14
紅磚戰士,HK_2024_K580,游達榮,3-5-5,32,8,2026-05-14
光輝歲月,HK_2023_J508,游達榮,1-3-1,13,4,2026-05-14
焦點,HK_2022_H173,游達榮,4-1-1,52,1,2026-05-14
首駿,HK_2024_K189,游達榮,2-2-1,49,1,2026-05-14
問鼎巔峰,HK_2024_K044,游達榮,2-4-2,22,2,2026-05-14
L494,HK_2025_L494,游達榮,2-3-3,50,2,2026-05-14
L483,HK_2025_L483,游達榮,2-5-5,26,8,2026-05-14
逍遙,HK_2025_L388,游達榮,2-5-2,24,4,2026-05-14
信心星,HK_2023_J161,方嘉柏,4-4-1,33,9,2026-05-14
睿盛人生,HK_2024_K507,方嘉柏,4-3-2,58,3,2026-05-14
舞林密碼,HK_2021_G365,方嘉柏,5-2-2,27,6,2026-05-14
鈦易搵,HK_2022_H216,方嘉柏,4-1-3,12,2,2026-05-14
平凡騎士,HK_2024_K161,方嘉柏,5-5-1,49,7,2026-05-14
春風萬里,HK_2022_H383,方嘉柏,3-3-4,53,10,2026-05-14
仁心星,HK_2023_J092,方嘉柏,3-1-1,59,12,2026-05-14
滿心星,HK_2024_K054,方嘉柏,2-3-1,42,9,2026-05-14
精彩駿將,HK_2023_J417,方嘉柏,4-1-2,26,9,2026-05-14
三軍勇將,HK_2023_J360,方嘉柏,5-4-5,10,1,2026-05-14
話你知,HK_2021_G392,方嘉柏,3-2-4,11,5,2026-05-14
相映紅,HK_2023_J426,方嘉柏,2-1-1,26,11,2026-05-14
好好戀愛,HK_2025_L052,方嘉柏,2-3-3,52,8,2026-05-14
昭易搵,HK_2023_J339,方嘉柏,1-2-5,48,2,2026-05-14
正本巨星,HK_2025_L056,方嘉柏,1-4-1,18,2,2026-05-14
共享富裕,HK_2023_J390,方嘉柏,5-2-4,49,8,2026-05-14
星運傳奇,HK_2025_L019,方嘉柏,3-5-5,19,11,2026-05-14
正本唐心,HK_2025_L373,方嘉柏,3-1-2,54,8,2026-05-14
飛龍在天,HK_2024_K411,方嘉柏,1-1-2,32,11,2026-05-14
富心星,HK_2024_K125,方嘉柏,5-2-3,32,9,2026-05-14
正本良心,HK_2025_L382,方嘉柏,5-1-1,28,2,2026-05-14
友贏威馳,HK_2025_L172,方嘉柏,3-4-5,43,7,2026-05-14
川河煌駒,HK_2025_L081,方嘉柏,3-3-1,53,10,2026-05-14
舞林寶典,HK_2023_J060,方嘉柏,5-3-4,23,7,2026-05-14
觀眾之力,HK_2024_K107,方嘉柏,1-3-2,26,5,2026-05-14
鈁糖武士,HK_2021_G016,方嘉柏,4-3-4,42,6,2026-05-14
川河帥駒,HK_2024_K127,方嘉柏,4-3-3,10,12,2026-05-14
棒棒糖,HK_2023_J503,方嘉柏,5-4-1,15,8,2026-05-14
禾道豐,HK_2025_L264,方嘉柏,1-4-3,10,6,2026-05-14
葳莉非凡,HK_2024_K297,方嘉柏,4-1-5,19,4,2026-05-14
哥倫布,HK_2024_K355,方嘉柏,3-4-5,42,2,2026-05-14
大千雄心,HK_2024_K398,方嘉柏,4-1-5,12,11,2026-05-14
深心星,HK_2024_K041,方嘉柏,1-3-4,46,4,2026-05-14
仁仁有餘,HK_2023_J421,方嘉柏,2-2-4,20,10,2026-05-14
喜馬,HK_2024_K347,方嘉柏,4-5-3,41,5,2026-05-14
團長好,HK_2024_K515,方嘉柏,2-1-5,33,9,2026-05-14
精彩動力,HK_2022_H120,方嘉柏,4-1-3,57,1,2026-05-14
大千氣象,HK_2022_H324,方嘉柏,3-2-2,29,1,2026-05-14
赤風驪,HK_2025_L093,方嘉柏,2-4-1,49,9,2026-05-14
L450,HK_2025_L450,方嘉柏,5-2-4,25,1,2026-05-14
L461,HK_2025_L461,方嘉柏,2-3-2,38,11,2026-05-14
星運少爵,HK_2022_H459,方嘉柏,1-4-1,40,6,2026-05-14
有意無意,HK_2025_L350,方嘉柏,5-3-2,25,10,2026-05-14
正本無敵,HK_2024_K418,方嘉柏,1-2-4,10,11,2026-05-14
王者天下,HK_2025_L366,方嘉柏,1-1-5,32,7,2026-05-14
舞林盛宴,HK_2025_L364,方嘉柏,4-1-2,32,6,2026-05-14
超強六十,HK_2023_J071,方嘉柏,3-5-1,25,1,2026-05-14
飛揚騅,HK_2025_L070,方嘉柏,1-2-5,22,11,2026-05-14
快靚旺,HK_2024_K027,方嘉柏,5-2-4,56,5,2026-05-14
勝利君子,HK_2025_L061,方嘉柏,1-2-4,18,11,2026-05-14
川河石駒,HK_2024_K548,方嘉柏,2-3-3,21,8,2026-05-14
疾風財子,HK_2025_L091,方嘉柏,4-3-1,14,8,2026-05-14
福進,HK_2024_K529,方嘉柏,2-1-4,14,4,2026-05-14
日日賞,HK_2025_L273,方嘉柏,4-3-1,25,2,2026-05-14
精彩勇將,HK_2025_L275,方嘉柏,2-5-4,16,9,2026-05-14
風采人生,HK_2023_J366,方嘉柏,1-3-2,31,5,2026-05-14
有情有義,HK_2024_K416,方嘉柏,3-5-3,20,3,2026-05-14
騰達勇士,HK_2024_K376,方嘉柏,3-4-3,44,7,2026-05-14
日日獎,HK_2022_H283,方嘉柏,2-5-2,42,2,2026-05-14
銀刺勇士,HK_2023_J043,方嘉柏,3-3-1,25,4,2026-05-14
競駿勇士,HK_2024_K464,方嘉柏,2-2-1,44,4,2026-05-14
堅多福,HK_2024_K306,方嘉柏,2-5-2,34,4,2026-05-14
順善寶,HK_2024_K239,方嘉柏,4-4-1,46,3,2026-05-14
富裕君子,HK_2022_H447,方嘉柏,3-2-2,36,8,2026-05-14
後無來者,HK_2024_K049,方嘉柏,4-2-3,59,10,2026-05-14
飛雲,HK_2022_H320,方嘉柏,1-4-4,40,6,2026-05-14
幸運傳承,HK_2023_J338,方嘉柏,4-3-3,29,1,2026-05-14
朗日雪峰,HK_2023_J187,方嘉柏,2-5-1,32,11,2026-05-14
金鎗寶駒,HK_2025_L306,方嘉柏,3-2-5,13,5,2026-05-14
銳行星,HK_2025_L308,方嘉柏,3-4-5,60,12,2026-05-14
賢者無敵,HK_2022_H301,賀賢,1-3-3,19,7,2026-05-14
增強,HK_2023_J114,賀賢,4-5-3,45,12,2026-05-14
家樂龍駒,HK_2022_H396,賀賢,1-5-4,42,10,2026-05-14
傲聖,HK_2025_L384,賀賢,1-4-5,41,3,2026-05-14
嘉應奇兵,HK_2023_J391,賀賢,4-4-4,21,11,2026-05-14
風火輪,HK_2025_L188,賀賢,1-5-5,38,7,2026-05-14
勁先生,HK_2023_J239,賀賢,3-5-4,14,8,2026-05-14
泰力,HK_2025_L171,賀賢,4-2-4,34,2,2026-05-14
久久為昇,HK_2024_K516,賀賢,5-5-2,54,2,2026-05-14
哪吒,HK_2024_K494,賀賢,3-2-2,35,11,2026-05-14
肯佩斯,HK_2023_J265,賀賢,3-5-5,47,8,2026-05-14
威威傳奇,HK_2025_L409,賀賢,5-1-1,55,1,2026-05-14
精巧時計,HK_2025_L042,賀賢,2-2-3,16,12,2026-05-14
飛來閃耀,HK_2024_K175,賀賢,4-1-4,19,9,2026-05-14
久久為尊,HK_2023_J053,賀賢,4-3-1,28,11,2026-05-14
競駿良駒,HK_2024_K178,賀賢,3-3-1,35,1,2026-05-14
金滙千帥,HK_2023_J498,賀賢,5-5-3,24,1,2026-05-14
快搏,HK_2020_E434,賀賢,1-5-2,50,2,2026-05-14
賢者福星,HK_2025_L078,賀賢,5-5-2,23,3,2026-05-14
金玉良言,HK_2023_J499,賀賢,4-3-2,60,4,2026-05-14
清雲龍駒,HK_2024_K160,賀賢,3-4-5,46,8,2026-05-14
實力加,HK_2024_K058,賀賢,3-4-1,25,1,2026-05-14
八駿威楓,HK_2025_L206,賀賢,3-1-2,27,2,2026-05-14
哥得寶,HK_2025_L368,賀賢,5-5-5,39,7,2026-05-14
嘉應耀昇,HK_2025_L137,賀賢,1-5-4,53,10,2026-05-14
威武高升,HK_2025_L160,賀賢,5-4-4,44,2,2026-05-14
擅搏,HK_2025_L177,賀賢,4-1-5,34,4,2026-05-14
澳華發發,HK_2024_K467,賀賢,3-3-1,28,6,2026-05-14
爽飆王子,HK_2025_L256,賀賢,4-2-3,49,1,2026-05-14
騰雲絕影,HK_2025_L401,賀賢,1-4-2,17,12,2026-05-14
比特星,HK_2023_J362,賀賢,5-3-4,24,5,2026-05-14
盛勢威楓,HK_2024_K111,賀賢,2-3-1,22,11,2026-05-14
賢者威楓,HK_2024_K040,賀賢,2-4-3,33,12,2026-05-14
飛來霸,HK_2024_K284,賀賢,1-2-3,19,9,2026-05-14
福聚,HK_2024_K410,賀賢,2-4-3,22,9,2026-05-14
揀馬之皇,HK_2024_K397,賀賢,2-1-2,20,7,2026-05-14
星辰千帥,HK_2024_K325,賀賢,2-1-5,14,5,2026-05-14
綫路高高,HK_2025_L002,賀賢,2-4-4,20,2,2026-05-14
愛心波,HK_2025_L006,賀賢,3-1-4,52,8,2026-05-14
長峰小子,HK_2024_K117,賀賢,1-3-1,52,1,2026-05-14
勤德皆備,HK_2025_L270,賀賢,2-2-1,29,3,2026-05-14
順成之星,HK_2024_K287,賀賢,2-1-1,41,12,2026-05-14
一支箭,HK_2022_H276,賀賢,5-1-1,52,6,2026-05-14
北海盜,HK_2022_H233,賀賢,4-3-3,48,6,2026-05-14
頌星,HK_2024_K343,賀賢,3-5-1,28,10,2026-05-14
飛躍成就,HK_2024_K112,賀賢,2-1-1,25,8,2026-05-14
增旺,HK_2024_K148,賀賢,5-2-3,39,4,2026-05-14
翠湖烈風,HK_2023_J288,賀賢,2-1-2,31,7,2026-05-14
威力非凡,HK_2024_K152,賀賢,5-1-4,47,8,2026-05-14
管之友,HK_2021_E496,賀賢,4-3-1,55,2,2026-05-14
萬里雲,HK_2024_K279,賀賢,2-4-3,20,5,2026-05-14
凱旋幸運,HK_2022_H409,賀賢,5-1-2,10,10,2026-05-14
日頌月讚,HK_2023_J102,賀賢,4-2-1,21,10,2026-05-14
拚搏,HK_2024_K024,賀賢,4-2-1,59,10,2026-05-14
金德義,HK_2022_H106,賀賢,2-2-2,47,8,2026-05-14
富貴駒,HK_2023_J191,賀賢,2-1-3,48,9,2026-05-14
鵲橋飛昇,HK_2025_L244,賀賢,4-5-2,54,12,2026-05-14
嘉應高昇,HK_2023_J062,大衛希斯,2-3-1,49,2,2026-05-14
好友心得,HK_2022_H303,大衛希斯,5-4-1,42,1,2026-05-14
球星,HK_2022_H412,大衛希斯,4-2-4,18,8,2026-05-14
風雲武士,HK_2023_J027,大衛希斯,2-5-5,44,11,2026-05-14
太陽勇士,HK_2023_J127,大衛希斯,4-4-3,48,6,2026-05-14
友愛心得,HK_2023_J537,大衛希斯,4-3-5,21,6,2026-05-14
展雄志,HK_2025_L396,大衛希斯,2-2-2,17,9,2026-05-14
天星,HK_2024_K234,大衛希斯,5-5-3,23,5,2026-05-14
飲杯,HK_2023_J219,大衛希斯,1-1-3,60,10,2026-05-14
一馬當先,HK_2025_L372,大衛希斯,4-5-5,19,9,2026-05-14
煌上,HK_2025_L301,大衛希斯,1-4-3,45,7,2026-05-14
人和家興,HK_2020_E061,大衛希斯,5-3-5,31,4,2026-05-14
精彩福星,HK_2024_K408,大衛希斯,4-2-4,59,9,2026-05-14
中國心,HK_2024_K395,大衛希斯,3-3-3,26,6,2026-05-14
火焰閃爍,HK_2024_K098,大衛希斯,4-5-1,21,4,2026-05-14
多威心得,HK_2025_L305,大衛希斯,5-4-3,58,4,2026-05-14
天外迎天,HK_2023_J490,大衛希斯,2-4-3,16,9,2026-05-14
紫荊拼搏,HK_2024_K031,大衛希斯,3-2-3,13,8,2026-05-14
榮利雙收,HK_2024_K382,大衛希斯,5-2-5,59,7,2026-05-14
可靠大師,HK_2024_K283,大衛希斯,2-2-5,44,10,2026-05-14
心雄雄,HK_2023_J467,大衛希斯,1-3-3,25,8,2026-05-14
都靈冠星,HK_2025_L024,大衛希斯,2-1-3,21,2,2026-05-14
魅力知耀,HK_2024_K428,大衛希斯,2-4-5,48,12,2026-05-14
孤風潛影,HK_2025_L186,大衛希斯,5-2-5,11,4,2026-05-14
銳目,HK_2025_L068,大衛希斯,2-5-3,18,4,2026-05-14
環球英雄,HK_2023_J413,大衛希斯,4-5-2,23,8,2026-05-14
龍威心得,HK_2025_L120,大衛希斯,5-1-5,27,5,2026-05-14
同樣世界,HK_2025_L329,大衛希斯,3-3-2,28,7,2026-05-14
富寶駒,HK_2025_L389,大衛希斯,5-5-1,49,1,2026-05-14
幸福約定,HK_2025_L266,大衛希斯,1-3-3,46,3,2026-05-14
棉棉日上,HK_2025_L323,大衛希斯,2-3-2,10,2,2026-05-14
精智多寶,HK_2025_L217,大衛希斯,1-2-3,23,3,2026-05-14
銳逸,HK_2025_L417,大衛希斯,2-5-2,32,8,2026-05-14
嘉冠王,HK_2024_K116,大衛希斯,4-4-3,59,12,2026-05-14
致力之城,HK_2025_L210,大衛希斯,1-3-3,59,10,2026-05-14
吉星騎士,HK_2024_K518,大衛希斯,5-5-4,44,1,2026-05-14
天外富天,HK_2025_L328,大衛希斯,1-2-1,37,9,2026-05-14
帶贏來,HK_2024_K558,大衛希斯,5-3-5,35,7,2026-05-14
活力精神,HK_2024_K039,大衛希斯,2-2-2,22,3,2026-05-14
紫荊戰士,HK_2025_L263,大衛希斯,4-1-4,24,12,2026-05-14
鋁主角,HK_2025_L319,大衛希斯,1-2-3,28,12,2026-05-14
共創歡欣,HK_2025_L118,大衛希斯,4-1-1,51,1,2026-05-14
凝妙星,HK_2024_K444,大衛希斯,5-4-4,48,1,2026-05-14
嘉應駿馬,HK_2023_J439,大衛希斯,5-2-1,47,8,2026-05-14
星威心得,HK_2025_L074,大衛希斯,3-2-4,51,3,2026-05-14
美好夢想,HK_2024_K329,大衛希斯,3-5-2,16,12,2026-05-14
艾莉奧,HK_2021_G223,大衛希斯,2-1-5,55,1,2026-05-14
嘉應駿昇,HK_2024_K247,大衛希斯,5-1-3,45,2,2026-05-14
金獅大俠,HK_2025_L082,大衛希斯,2-3-3,58,12,2026-05-14
閃電武士,HK_2025_L062,大衛希斯,1-5-2,47,8,2026-05-14
準希望,HK_2025_L047,大衛希斯,2-4-2,41,3,2026-05-14
滿洛城,HK_2024_K374,大衛希斯,3-1-4,19,5,2026-05-14
嘉應光彩,HK_2024_K134,大衛希斯,2-5-4,37,12,2026-05-14
最感,HK_2025_L130,大衛希斯,1-3-1,21,4,2026-05-14
禾道威,HK_2023_J463,大衛希斯,3-5-3,46,12,2026-05-14
飛躍星伴,HK_2025_L189,大衛希斯,4-2-2,18,5,2026-05-14
喜行,HK_2024_K399,大衛希斯,5-5-3,22,11,2026-05-14
雪茄福星,HK_2024_K422,大衛希斯,2-2-1,48,9,2026-05-14
東方魅影,HK_2024_K028,大衛希斯,4-3-1,23,7,2026-05-14
L470,HK_2025_L470,大衛希斯,2-3-2,44,8,2026-05-14
L486,HK_2025_L486,大衛希斯,3-1-1,30,12,2026-05-14
L490,HK_2025_L490,大衛希斯,1-4-1,41,9,2026-05-14
太陽神駒,HK_2025_L237,大衛希斯,2-5-4,13,4,2026-05-14
星球勇士,HK_2025_L441,大衛希斯,4-4-1,53,11,2026-05-14
盛世英雄,HK_2025_L348,大衛希斯,2-2-2,15,8,2026-05-14
精英奪冠,HK_2025_L295,大衛希斯,1-4-2,45,3,2026-05-14
金珀尖子,HK_2025_L353,大衛希斯,1-2-2,55,3,2026-05-14
雙劍合璧,HK_2025_L290,大衛希斯,1-4-2,22,9,2026-05-14
大至尊,HK_2023_J208,羅富全,4-2-1,23,11,2026-05-14
幸運有您,HK_2020_E356,羅富全,2-1-4,19,9,2026-05-14
數字天文,HK_2025_L080,羅富全,5-3-4,37,7,2026-05-14
紫荊盛勢,HK_2024_K478,羅富全,3-4-5,12,10,2026-05-14
天天同樂,HK_2023_J316,羅富全,5-3-4,21,11,2026-05-14
健康愉快,HK_2019_D435,羅富全,3-5-5,35,11,2026-05-14
極上紗瓏,HK_2024_K585,羅富全,4-1-5,39,8,2026-05-14
至尊瑰寶,HK_2024_K258,羅富全,4-2-3,33,6,2026-05-14
知足常樂,HK_2021_G448,羅富全,2-4-2,41,5,2026-05-14
遨遊武士,HK_2023_J026,羅富全,5-3-1,57,7,2026-05-14
馬力,HK_2023_J431,羅富全,1-3-1,24,7,2026-05-14
乘數表,HK_2024_K352,羅富全,1-2-1,39,5,2026-05-14
凱旋升,HK_2023_J489,羅富全,3-5-4,56,2,2026-05-14
忠誠明駒,HK_2024_K574,羅富全,2-3-5,20,8,2026-05-14
醒目高球,HK_2025_L004,羅富全,2-1-3,17,1,2026-05-14
大眾福星,HK_2024_K172,羅富全,3-1-3,11,2,2026-05-14
瑪瑙,HK_2021_G306,羅富全,4-1-2,40,6,2026-05-14
耀寶,HK_2023_J437,羅富全,5-2-5,53,6,2026-05-14
㩒住贏,HK_2025_L310,羅富全,1-2-1,56,1,2026-05-14
超勁赤兔,HK_2024_K312,羅富全,5-1-5,29,6,2026-05-14
極上芳華,HK_2025_L429,羅富全,3-4-4,31,12,2026-05-14
實力股,HK_2025_L411,羅富全,1-3-3,23,1,2026-05-14
遨遊飛翔,HK_2025_L398,羅富全,5-5-4,52,8,2026-05-14
香港仔,HK_2025_L020,羅富全,1-3-1,26,1,2026-05-14
龍虎精神,HK_2025_L116,羅富全,1-5-2,19,3,2026-05-14
日出東方,HK_2024_K552,羅富全,2-4-5,48,4,2026-05-14
自動自覺,HK_2024_K080,羅富全,5-1-2,53,3,2026-05-14
路路勁,HK_2024_K315,羅富全,4-5-3,56,5,2026-05-14
本領非凡,HK_2023_J137,羅富全,2-5-4,51,11,2026-05-14
八仟財陞,HK_2023_J442,羅富全,3-5-1,21,10,2026-05-14
紅衣醒目,HK_2024_K184,羅富全,4-1-2,17,5,2026-05-14
天天耍樂,HK_2023_J232,羅富全,5-3-1,59,2,2026-05-14
越駿齊歡,HK_2025_L079,羅富全,4-2-5,32,11,2026-05-14
顯勝高昇,HK_2024_K409,羅富全,3-1-1,30,2,2026-05-14
美麗登場,HK_2025_L260,羅富全,2-3-2,36,5,2026-05-14
方圓星,HK_2024_K517,羅富全,2-2-5,48,4,2026-05-14
共同享樂,HK_2025_L231,羅富全,2-3-5,32,2,2026-05-14
天威,HK_2023_J200,羅富全,3-1-3,24,4,2026-05-14
好運多彩,HK_2025_L327,羅富全,4-5-2,21,6,2026-05-14
潮州高球,HK_2025_L216,羅富全,5-1-4,23,8,2026-05-14
貴族精英,HK_2025_L453,羅富全,1-1-2,57,3,2026-05-14
超開心,HK_2024_K260,羅富全,2-1-1,10,11,2026-05-14
大輝煌,HK_2024_K205,羅富全,2-5-5,48,10,2026-05-14
活力輝煌,HK_2025_L203,羅富全,5-2-5,48,10,2026-05-14
遨遊波士,HK_2024_K321,羅富全,3-2-5,42,8,2026-05-14
天天更好,HK_2024_K277,羅富全,2-1-3,44,7,2026-05-14
幸運威龍,HK_2025_L125,羅富全,3-4-5,14,3,2026-05-14
凱旋王者,HK_2024_K240,羅富全,3-3-2,55,4,2026-05-14
追風,HK_2023_J227,羅富全,1-3-2,34,9,2026-05-14
明亮天下,HK_2023_J170,羅富全,2-4-3,12,5,2026-05-14
森林之王,HK_2024_K265,羅富全,4-2-1,27,8,2026-05-14
保羅輝煌,HK_2024_K524,羅富全,2-2-4,58,6,2026-05-14
勝在當下,HK_2024_K532,羅富全,4-3-1,37,9,2026-05-14
獎星,HK_2022_H087,羅富全,4-1-4,16,10,2026-05-14
紅衣財神,HK_2024_K423,羅富全,4-5-2,59,6,2026-05-14
快樂高球,HK_2023_J222,羅富全,1-1-4,54,3,2026-05-14
五福星,HK_2023_J099,羅富全,4-5-4,51,11,2026-05-14
駿馬之星,HK_2023_J368,羅富全,3-1-4,25,7,2026-05-14
美神來,HK_2023_J174,羅富全,3-3-5,43,3,2026-05-14
L475,HK_2025_L475,羅富全,5-3-3,17,7,2026-05-14
L497,HK_2025_L497,羅富全,2-4-1,43,9,2026-05-14
L503,HK_2025_L503,羅富全,2-4-4,38,5,2026-05-14
手機錶霸,HK_2022_H485,呂健威,1-5-1,14,6,2026-05-14
百賀飛駒,HK_2024_K021,呂健威,4-5-3,30,3,2026-05-14
合夥奔馳,HK_2022_H408,呂健威,3-2-3,37,1,2026-05-14
禪勝輝煌,HK_2022_H212,呂健威,3-4-1,54,10,2026-05-14
包裝天將,HK_2023_J277,呂健威,1-4-4,44,7,2026-05-14
勁速威龍,HK_2022_H380,呂健威,5-3-4,58,12,2026-05-14
笑傲江湖,HK_2024_K168,呂健威,1-5-5,53,9,2026-05-14
天將龍駒,HK_2024_K129,呂健威,2-3-3,20,1,2026-05-14
勇敢巨星,HK_2021_G268,呂健威,1-1-1,27,6,2026-05-14
包裝福星,HK_2023_J454,呂健威,4-5-4,50,9,2026-05-14
喜慶寶,HK_2024_K583,呂健威,2-1-2,10,2,2026-05-14
遙遙領先,HK_2023_J263,呂健威,3-1-1,50,12,2026-05-14
興馳千里,HK_2024_K533,呂健威,4-3-5,17,4,2026-05-14
閃耀天河,HK_2024_K514,呂健威,3-1-4,47,9,2026-05-14
好實力,HK_2024_K381,呂健威,3-2-3,36,3,2026-05-14
手機錶勁,HK_2025_L099,呂健威,2-3-1,35,12,2026-05-14
活力拍檔,HK_2024_K554,呂健威,3-1-1,50,9,2026-05-14
安康萬里,HK_2023_J158,呂健威,4-5-4,11,11,2026-05-14
做好自己,HK_2023_J444,呂健威,2-3-5,60,8,2026-05-14
智勇名駒,HK_2023_J298,呂健威,1-3-3,18,3,2026-05-14
開心三寶,HK_2024_K511,呂健威,5-4-4,50,7,2026-05-14
櫻花酒杯,HK_2025_L230,呂健威,3-1-4,53,9,2026-05-14
黃金騎士,HK_2024_K341,呂健威,2-3-5,11,3,2026-05-14
開心鑽寶,HK_2025_L356,呂健威,3-1-2,30,6,2026-05-14
傑出雷霆,HK_2025_L121,呂健威,5-1-5,11,1,2026-05-14
空中霸王,HK_2025_L459,呂健威,3-5-4,55,10,2026-05-14
輝煌猛將,HK_2025_L414,呂健威,2-4-2,20,5,2026-05-14
勁勇皇駒,HK_2024_K157,呂健威,2-3-3,51,9,2026-05-14
勁進駒,HK_2023_J384,呂健威,2-4-2,13,10,2026-05-14
合夥飛馳,HK_2024_K342,呂健威,4-4-5,60,3,2026-05-14
哈羅威,HK_2023_J280,呂健威,3-4-2,52,9,2026-05-14
威武年代,HK_2023_J451,呂健威,3-1-2,55,5,2026-05-14
雙星報喜,HK_2024_K126,呂健威,4-1-3,37,5,2026-05-14
巴閉王,HK_2024_K479,呂健威,5-4-5,18,4,2026-05-14
超拍檔,HK_2024_K484,呂健威,5-4-4,30,10,2026-05-14
龍之悅,HK_2024_K571,呂健威,2-5-3,25,7,2026-05-14
龍傲綾羅,HK_2024_K318,呂健威,4-3-2,43,7,2026-05-14
開心孖寶,HK_2024_K475,呂健威,2-4-5,45,7,2026-05-14
彩虹七色,HK_2024_K145,呂健威,3-2-1,53,7,2026-05-14
百勝威龍,HK_2022_H453,呂健威,4-2-3,29,1,2026-05-14
紅錢到,HK_2023_J116,呂健威,1-3-2,51,12,2026-05-14
合夥智能,HK_2025_L280,呂健威,2-5-1,59,4,2026-05-14
同心,HK_2024_K253,呂健威,5-5-4,48,9,2026-05-14
君至酷,HK_2025_L008,呂健威,3-4-2,19,2,2026-05-14
喜意,HK_2025_L197,呂健威,4-2-1,55,9,2026-05-14
安康盛勢,HK_2025_L279,呂健威,4-3-3,47,10,2026-05-14
巴閉精,HK_2025_L040,呂健威,3-2-3,57,3,2026-05-14
普魯托斯,HK_2024_K413,呂健威,1-2-5,19,3,2026-05-14
樂滿名駒,HK_2025_L361,呂健威,4-4-3,12,7,2026-05-14
烈進駒,HK_2025_L278,呂健威,1-4-5,20,3,2026-05-14
鬆啲,HK_2024_K384,呂健威,2-4-1,30,5,2026-05-14
機不可失,HK_2024_K417,呂健威,2-1-1,30,6,2026-05-14
三代至醒,HK_2025_L207,呂健威,4-1-5,58,9,2026-05-14
歷勝,HK_2025_L199,呂健威,5-2-4,12,6,2026-05-14
綠茵明珠,HK_2024_K460,呂健威,3-3-5,31,1,2026-05-14
快樂共濟,HK_2025_L049,呂健威,4-1-4,15,5,2026-05-14
一路精彩,HK_2024_K354,呂健威,4-3-5,22,4,2026-05-14
尚旋,HK_2025_L141,呂健威,2-1-5,10,12,2026-05-14
勇敢孖寶,HK_2024_K421,呂健威,2-4-1,16,7,2026-05-14
江南勇士,HK_2022_H472,呂健威,1-5-3,38,10,2026-05-14
巴閉佬,HK_2024_K323,呂健威,2-3-3,57,8,2026-05-14
快活同盟,HK_2024_K316,呂健威,1-2-3,30,4,2026-05-14
龍又生,HK_2023_J269,呂健威,3-3-5,46,11,2026-05-14
L498,HK_2025_L498,呂健威,3-3-3,59,2,2026-05-14
L499,HK_2025_L499,呂健威,4-2-5,40,3,2026-05-14
L478,HK_2025_L478,呂健威,3-1-5,15,7,2026-05-14
L471,HK_2025_L471,呂健威,2-1-2,17,6,2026-05-14
全能勇士,HK_2025_L245,呂健威,5-1-3,20,1,2026-05-14
禪勝閃亮,HK_2025_L051,呂健威,2-5-4,26,2,2026-05-14
龍騰盛世,HK_2025_L335,呂健威,5-1-2,50,1,2026-05-14
金鑽貴人,HK_2021_G180,文家良,3-3-3,29,8,2026-05-14
錶之星河,HK_2023_J343,文家良,5-3-3,19,7,2026-05-14
自強不息,HK_2022_H337,文家良,1-2-3,45,2,2026-05-14
錶之宇宙,HK_2023_J357,文家良,2-2-5,46,8,2026-05-14
英雄豪傑,HK_2021_G207,文家良,4-1-1,35,1,2026-05-14
錶之極光,HK_2024_K097,文家良,1-4-4,18,8,2026-05-14
志滿同行,HK_2024_K056,文家良,2-4-4,14,10,2026-05-14
綫路滿貫,HK_2024_K201,文家良,2-1-2,13,12,2026-05-14
開心指數,HK_2025_L152,文家良,5-5-3,52,9,2026-05-14
潮州精神,HK_2022_H175,文家良,2-1-5,38,3,2026-05-14
元朗精英,HK_2023_J272,文家良,1-4-4,31,11,2026-05-14
金金小子,HK_2024_K180,文家良,5-1-3,17,5,2026-05-14
品德寶寶,HK_2023_J465,文家良,3-2-1,50,9,2026-05-14
傲視同群,HK_2024_K357,文家良,2-5-4,49,5,2026-05-14
金聖,HK_2025_L399,文家良,1-1-3,26,1,2026-05-14
官金騏,HK_2024_K485,文家良,2-5-3,49,9,2026-05-14
確好勁,HK_2024_K199,文家良,1-4-5,31,12,2026-05-14
閃電小子,HK_2025_L126,文家良,3-3-3,36,2,2026-05-14
起舞奜奜,HK_2024_K405,文家良,2-3-4,49,5,2026-05-14
君子,HK_2024_K534,文家良,5-2-1,31,1,2026-05-14
機械之星,HK_2024_K559,文家良,2-5-2,31,9,2026-05-14
紅海勁,HK_2022_H207,文家良,5-2-5,10,7,2026-05-14
熒光,HK_2025_L124,文家良,1-5-4,39,2,2026-05-14
好好飛,HK_2024_K311,文家良,4-3-1,42,8,2026-05-14
繼往開來,HK_2025_L096,文家良,2-2-3,57,6,2026-05-14
電子好好,HK_2025_L119,文家良,2-5-3,49,2,2026-05-14
花開,HK_2025_L037,文家良,3-5-1,55,6,2026-05-14
手機錶能,HK_2025_L293,文家良,2-1-3,25,10,2026-05-14
林家良駒,HK_2025_L251,文家良,1-5-2,56,11,2026-05-14
王者無雙,HK_2025_L456,文家良,1-4-2,25,8,2026-05-14
紅海旺,HK_2025_L098,文家良,4-5-3,16,3,2026-05-14
綫路桂冠,HK_2025_L423,文家良,1-4-2,23,10,2026-05-14
英雄豪俠,HK_2025_L458,文家良,3-5-2,57,2,2026-05-14
螢影飛馳,HK_2024_K228,文家良,1-3-5,15,2,2026-05-14
錶之梵星,HK_2025_L104,文家良,2-1-1,58,6,2026-05-14
錶之能量,HK_2025_L462,文家良,4-5-1,49,10,2026-05-14
開心滿滿,HK_2025_L258,文家良,5-1-3,31,3,2026-05-14
雙贏,HK_2022_H382,文家良,5-1-5,58,2,2026-05-14
領駿輝煌,HK_2025_L265,文家良,3-3-3,27,12,2026-05-14
佳福駒,HK_2021_G230,文家良,3-3-3,16,4,2026-05-14
朗日自強,HK_2023_J530,文家良,2-4-4,27,4,2026-05-14
良駒好友,HK_2022_H454,文家良,4-2-4,23,2,2026-05-14
都靈勇士,HK_2021_G150,文家良,5-4-1,53,11,2026-05-14
種得好,HK_2024_K579,文家良,2-1-2,54,6,2026-05-14
金津寶駒,HK_2025_L157,文家良,2-4-4,22,12,2026-05-14
馬運高,HK_2025_L175,文家良,1-2-2,44,10,2026-05-14
彭玥,HK_2023_J447,文家良,2-3-5,34,2,2026-05-14
金運齊來,HK_2025_L026,文家良,4-2-1,38,10,2026-05-14
錶之無限,HK_2025_L100,文家良,2-1-1,48,12,2026-05-14
皇帝英豪,HK_2023_J247,文家良,3-3-1,46,5,2026-05-14
怪獸波士,HK_2025_L139,文家良,5-3-5,21,11,2026-05-14
銳高,HK_2023_J375,文家良,5-1-5,22,12,2026-05-14
機械騎士,HK_2022_H464,文家良,1-4-1,40,2,2026-05-14
紅海風帆,HK_2022_H347,文家良,5-2-1,18,7,2026-05-14
荃程路通,HK_2020_E403,文家良,1-4-5,18,5,2026-05-14
籐王駒,HK_2024_K143,文家良,3-1-5,26,8,2026-05-14
旋風傳奇,HK_2023_J152,文家良,1-3-2,26,4,2026-05-14
連連好運,HK_2024_K500,文家良,4-4-3,49,1,2026-05-14
閃耀威龍,HK_2021_G427,文家良,2-2-5,44,12,2026-05-14
輕鬆大少,HK_2023_J319,文家良,3-1-5,32,4,2026-05-14
贏得爽,HK_2024_K211,文家良,2-5-4,55,4,2026-05-14
綫路光驊,HK_2022_H487,文家良,5-1-3,55,11,2026-05-14
L496,HK_2025_L496,文家良,4-5-2,51,12,2026-05-14
和平波,HK_2023_J245,巫偉傑,4-3-3,32,10,2026-05-14
風再起時,HK_2023_J534,巫偉傑,3-3-2,11,8,2026-05-14
會當凌,HK_2024_K122,巫偉傑,5-1-5,24,12,2026-05-14
魔術控制,HK_2023_J333,巫偉傑,5-5-4,15,5,2026-05-14
幸運星球,HK_2022_H235,巫偉傑,2-4-4,17,12,2026-05-14
風將,HK_2025_L184,巫偉傑,2-2-1,11,1,2026-05-14
非凡豪傑,HK_2023_J445,巫偉傑,3-5-1,10,9,2026-05-14
寶進,HK_2024_K249,巫偉傑,4-5-2,59,3,2026-05-14
睿明途嘉,HK_2025_L407,巫偉傑,1-5-4,42,1,2026-05-14
精英波,HK_2025_L427,巫偉傑,2-4-1,48,12,2026-05-14
納百川,HK_2023_J276,巫偉傑,1-4-5,44,3,2026-05-14
糖不甩,HK_2022_H394,巫偉傑,2-2-4,38,9,2026-05-14
加州本事,HK_2023_J370,巫偉傑,1-3-1,24,6,2026-05-14
咕嚕快跑,HK_2025_L377,巫偉傑,5-2-4,37,7,2026-05-14
將義,HK_2023_J446,巫偉傑,5-1-4,45,9,2026-05-14
快樂飛飛,HK_2025_L408,巫偉傑,2-3-2,27,2,2026-05-14
運來煌星,HK_2025_L383,巫偉傑,2-2-1,53,8,2026-05-14
高度評價,HK_2025_L316,巫偉傑,1-4-1,28,3,2026-05-14
健康波,HK_2025_L431,巫偉傑,2-3-2,35,7,2026-05-14
名揚四海,HK_2025_L219,巫偉傑,4-3-5,32,12,2026-05-14
顯勝福星,HK_2025_L405,巫偉傑,4-4-1,31,9,2026-05-14
沙井之友,HK_2024_K202,巫偉傑,3-5-3,21,5,2026-05-14
翠兒威威,HK_2024_K084,巫偉傑,3-5-1,16,6,2026-05-14
小磁怪,HK_2024_K549,巫偉傑,4-1-1,58,1,2026-05-14
幸運糖,HK_2025_L041,巫偉傑,5-4-1,27,12,2026-05-14
加州熱浪,HK_2024_K477,巫偉傑,4-5-5,13,11,2026-05-14
和光同塵,HK_2025_L076,巫偉傑,3-5-4,27,11,2026-05-14
馬達,HK_2024_K165,巫偉傑,1-1-4,24,7,2026-05-14
超和平,HK_2025_L226,巫偉傑,1-2-5,27,6,2026-05-14
喵喵怪,HK_2023_J487,巫偉傑,1-1-2,59,9,2026-05-14
嘉應巨昇,HK_2023_J091,巫偉傑,4-3-2,13,11,2026-05-14
錶之浩瀚,HK_2025_L106,巫偉傑,2-5-5,13,2,2026-05-14
一舖掂晒,HK_2025_L105,巫偉傑,4-4-4,13,2,2026-05-14
嵐臣,HK_2024_K438,巫偉傑,3-5-1,29,10,2026-05-14
浪漫老撾,HK_2021_G476,巫偉傑,5-2-3,25,4,2026-05-14
光年程祥,HK_2024_K204,巫偉傑,5-2-5,39,9,2026-05-14
凱皇寶,HK_2024_K396,巫偉傑,2-2-4,33,8,2026-05-14
財富非凡,HK_2025_L057,巫偉傑,4-3-5,52,6,2026-05-14
逍遙騎士,HK_2024_K370,巫偉傑,1-2-5,15,7,2026-05-14
鬥志波,HK_2024_K096,巫偉傑,1-4-4,12,1,2026-05-14
凝聚美麗,HK_2023_J299,巫偉傑,2-4-2,46,4,2026-05-14
贏玥,HK_2025_L039,巫偉傑,3-2-1,43,3,2026-05-14
L447,HK_2025_L447,巫偉傑,2-3-3,20,8,2026-05-14
幸運愉快,HK_2024_K064,巫偉傑,5-2-5,49,9,2026-05-14
老撾巴色,HK_2025_L369,巫偉傑,1-3-4,56,11,2026-05-14
辣得爽利,HK_2025_L086,巫偉傑,2-5-3,55,10,2026-05-14
順天從人,HK_2025_L288,巫偉傑,5-5-3,52,6,2026-05-14
士登,HK_2024_K358,巫偉傑,3-1-5,60,6,2026-05-14
博愛先鋒,HK_2021_G465,巫偉傑,2-2-4,56,2,2026-05-14
佰勝金龍,HK_2024_K458,巫偉傑,2-3-2,57,10,2026-05-14
悠然常勝,HK_2025_L136,巫偉傑,4-1-5,18,3,2026-05-14
天蓬貓,HK_2024_K280,巫偉傑,5-5-5,36,6,2026-05-14
小魔怪,HK_2024_K391,巫偉傑,4-1-3,54,5,2026-05-14
加州星皓,HK_2023_J132,巫偉傑,2-4-5,11,7,2026-05-14
觀萬物,HK_2024_K101,巫偉傑,5-2-4,20,4,2026-05-14
幸運勝利,HK_2025_L073,巫偉傑,1-3-1,37,12,2026-05-14
挺秀弘利,HK_2024_K481,巫偉傑,4-1-3,40,8,2026-05-14
旭能精英,HK_2024_K544,巫偉傑,3-5-1,27,6,2026-05-14
妙玲瓏,HK_2022_H068,巫偉傑,5-5-5,19,10,2026-05-14
幸運福星,HK_2024_K073,巫偉傑,4-1-4,25,10,2026-05-14
快樂之友,HK_2024_K344,巫偉傑,2-1-5,31,12,2026-05-14
快樂寶寶,HK_2023_J545,巫偉傑,5-4-5,31,3,2026-05-14
肥仔精神,HK_2024_K110,巫偉傑,1-1-2,24,4,2026-05-14
辣得金,HK_2023_J087,巫偉傑,4-1-2,51,10,2026-05-14
威威父子,HK_2022_H419,巫偉傑,4-5-4,29,1,2026-05-14
快樂老撾,HK_2023_J115,巫偉傑,4-2-5,31,9,2026-05-14
快馬加鞭,HK_2022_H144,巫偉傑,2-5-2,42,11,2026-05-14
L487,HK_2025_L487,巫偉傑,2-2-3,29,12,2026-05-14
L500,HK_2025_L500,巫偉傑,3-2-2,15,5,2026-05-14
L482,HK_2025_L482,巫偉傑,3-5-3,56,4,2026-05-14
翡翠光彩,HK_2025_L463,巫偉傑,5-1-2,37,7,2026-05-14
祝願,HK_2023_J256,廖康銘,1-1-5,24,12,2026-05-14
白鷺金剛,HK_2024_K296,廖康銘,5-4-3,58,2,2026-05-14
翠紅,HK_2024_K173,廖康銘,1-4-3,39,3,2026-05-14
晒冷,HK_2024_K369,廖康銘,3-2-4,51,9,2026-05-14
勁沙塵,HK_2023_J514,廖康銘,5-4-2,47,10,2026-05-14
精英雄心,HK_2023_J136,廖康銘,2-4-2,18,4,2026-05-14
友瑩光,HK_2024_K564,廖康銘,5-3-1,45,1,2026-05-14
智跑得,HK_2023_J330,廖康銘,5-3-3,16,7,2026-05-14
馭跑得,HK_2025_L193,廖康銘,5-4-1,34,4,2026-05-14
駿跑得,HK_2024_K208,廖康銘,2-2-1,52,11,2026-05-14
年少多好,HK_2023_J082,廖康銘,5-4-3,12,11,2026-05-14
一生好彩,HK_2024_K114,廖康銘,5-5-3,39,8,2026-05-14
穿甲金鷹,HK_2024_K566,廖康銘,3-3-2,40,7,2026-05-14
L432,HK_2025_L432,廖康銘,3-1-3,10,5,2026-05-14
超勁熊威,HK_2025_L192,廖康銘,4-4-1,50,10,2026-05-14
赤膽忠心,HK_2025_L058,廖康銘,1-5-5,50,11,2026-05-14
大愛無疆,HK_2024_K235,廖康銘,4-2-2,26,12,2026-05-14
L433,HK_2025_L433,廖康銘,2-4-1,49,2,2026-05-14
大番薯,HK_2023_J383,廖康銘,3-3-3,15,2,2026-05-14
蓮冠皇,HK_2024_K186,廖康銘,2-2-3,30,1,2026-05-14
金錢遊戲,HK_2025_L402,廖康銘,2-4-4,45,12,2026-05-14
鴻盛贏冠,HK_2025_L460,廖康銘,4-5-4,33,10,2026-05-14
千杯不醉,HK_2024_K365,廖康銘,2-5-2,19,12,2026-05-14
祥勝將軍,HK_2023_J509,廖康銘,1-1-2,44,6,2026-05-14
量子力奇,HK_2025_L268,廖康銘,2-4-1,37,1,2026-05-14
勁好運,HK_2022_H481,廖康銘,5-3-5,43,9,2026-05-14
電源之駒,HK_2020_E301,廖康銘,5-3-5,22,4,2026-05-14
領航天子,HK_2023_J494,廖康銘,4-2-2,49,3,2026-05-14
旺旺嘉駒,HK_2025_L088,廖康銘,3-4-1,43,2,2026-05-14
穿甲戰鷹,HK_2023_J039,廖康銘,1-2-5,54,8,2026-05-14
高高至高,HK_2025_L032,廖康銘,3-3-2,54,7,2026-05-14
百威多贏,HK_2024_K261,廖康銘,5-1-5,59,3,2026-05-14
展雄威,HK_2023_J405,廖康銘,4-2-3,38,6,2026-05-14
智多多寶,HK_2024_K387,廖康銘,3-4-1,22,8,2026-05-14
快樂神駒,HK_2025_L050,廖康銘,4-4-5,37,1,2026-05-14
非凡時刻,HK_2024_K275,廖康銘,2-4-5,16,10,2026-05-14
L440,HK_2025_L440,廖康銘,5-3-5,12,9,2026-05-14
光輝時代,HK_2025_L038,廖康銘,2-2-2,17,11,2026-05-14
喜悅歡欣,HK_2025_L322,廖康銘,4-4-2,39,10,2026-05-14
智勝攻略,HK_2022_H197,廖康銘,3-2-3,19,9,2026-05-14
盈智多寶,HK_2025_L391,廖康銘,3-5-5,47,7,2026-05-14
睿麗人生,HK_2025_L400,廖康銘,1-1-2,41,10,2026-05-14
鋁神,HK_2024_K105,廖康銘,2-3-1,26,2,2026-05-14
大千赤風,HK_2025_L208,廖康銘,3-3-2,33,11,2026-05-14
決一劍,HK_2023_J484,廖康銘,5-4-4,38,9,2026-05-14
北極之錶,HK_2025_L211,廖康銘,5-3-3,26,11,2026-05-14
康昌之星,HK_2024_K003,廖康銘,2-3-4,49,7,2026-05-14
鑽飾閃耀,HK_2025_L182,廖康銘,5-5-3,39,1,2026-05-14
風捲殘雲,HK_2024_K555,廖康銘,5-2-3,56,2,2026-05-14
祥勝力駒,HK_2023_J181,廖康銘,4-1-5,16,1,2026-05-14
部族高手,HK_2024_K307,廖康銘,3-4-5,49,11,2026-05-14
安定神駒,HK_2025_L059,廖康銘,2-3-2,34,12,2026-05-14
源好運,HK_2024_K389,廖康銘,5-1-4,57,2,2026-05-14
綫路福將,HK_2024_K526,廖康銘,5-2-5,37,8,2026-05-14
林寶精神,HK_2024_K305,廖康銘,4-1-3,14,2,2026-05-14
明月清風,HK_2024_K414,廖康銘,3-5-4,14,10,2026-05-14
天下寵兒,HK_2023_J359,廖康銘,2-3-5,43,11,2026-05-14
有你有我,HK_2022_H057,廖康銘,4-5-3,52,2,2026-05-14
明亮光輝,HK_2025_L005,廖康銘,1-3-3,26,12,2026-05-14
神駒馬靈,HK_2023_J162,廖康銘,1-2-3,23,4,2026-05-14
駟跑得,HK_2021_G095,廖康銘,4-1-4,25,11,2026-05-14
星之願,HK_2023_J480,廖康銘,5-3-2,40,7,2026-05-14
L485,HK_2025_L485,廖康銘,2-3-1,18,11,2026-05-14
L495,HK_2025_L495,廖康銘,4-3-3,16,12,2026-05-14
L502,HK_2025_L502,廖康銘,1-3-4,22,10,2026-05-14
L489,HK_2025_L489,廖康銘,3-3-5,28,4,2026-05-14
L493,HK_2025_L493,廖康銘,2-1-3,17,10,2026-05-14
奇妙旅程,HK_2025_L421,廖康銘,3-4-5,44,11,2026-05-14
極歡欣,HK_2025_L345,廖康銘,1-3-1,23,4,2026-05-14
玩笑,HK_2024_K014,伍鵬志,3-1-4,40,11,2026-05-14
飛鷹翱翔,HK_2022_H117,伍鵬志,4-1-1,42,6,2026-05-14
嘉應傳承,HK_2023_J075,伍鵬志,2-2-2,60,6,2026-05-14
維港智能,HK_2021_G404,伍鵬志,3-1-4,45,9,2026-05-14
晨曦儷人,HK_2023_J066,伍鵬志,4-5-2,43,11,2026-05-14
友瑩亮,HK_2024_K400,伍鵬志,5-2-1,30,5,2026-05-14
極光之子,HK_2025_L110,伍鵬志,1-4-3,45,6,2026-05-14
一騎絕塵,HK_2024_K563,伍鵬志,1-3-4,39,8,2026-05-14
勇者為皇,HK_2025_L016,伍鵬志,1-3-5,48,4,2026-05-14
綠色鐵蹄,HK_2025_L147,伍鵬志,1-4-3,44,2,2026-05-14
我做到,HK_2022_H381,伍鵬志,3-3-5,54,6,2026-05-14
長勝金剛,HK_2024_K266,伍鵬志,1-2-5,55,10,2026-05-14
友瑩仁,HK_2023_J180,伍鵬志,4-1-5,55,1,2026-05-14
好吉利高,HK_2025_L224,伍鵬志,3-4-5,35,6,2026-05-14
晉步贏,HK_2025_L269,伍鵬志,1-4-5,13,6,2026-05-14
藍地球,HK_2024_K468,伍鵬志,5-1-1,18,11,2026-05-14
錶之量子,HK_2022_H166,伍鵬志,1-4-2,15,6,2026-05-14
長勝猛將,HK_2025_L242,伍鵬志,1-5-3,40,10,2026-05-14
長勝隊長,HK_2024_K379,伍鵬志,5-3-2,28,8,2026-05-14
勝於藍,HK_2024_K476,伍鵬志,1-5-4,33,7,2026-05-14
太子,HK_2024_K362,伍鵬志,4-2-4,50,11,2026-05-14
奮鬥心,HK_2023_J267,伍鵬志,1-4-4,51,10,2026-05-14
盈妍威楓,HK_2023_J300,伍鵬志,3-1-4,35,4,2026-05-14
維港激流,HK_2023_J393,伍鵬志,1-4-2,49,11,2026-05-14
包裝戰仕,HK_2025_L112,伍鵬志,4-4-2,41,3,2026-05-14
添開心,HK_2022_H203,伍鵬志,4-1-5,42,7,2026-05-14
幸運大夫,HK_2025_L225,伍鵬志,5-4-5,57,4,2026-05-14
佐治傳奇,HK_2025_L007,伍鵬志,1-4-3,43,4,2026-05-14
同滿滿,HK_2021_G400,伍鵬志,1-5-5,39,2,2026-05-14
年年豐裕,HK_2024_K557,伍鵬志,4-3-2,30,1,2026-05-14
金駒永騰,HK_2023_J398,伍鵬志,1-5-3,11,4,2026-05-14
寬心知遇,HK_2024_K454,伍鵬志,5-4-2,56,5,2026-05-14
幸福特約,HK_2024_K572,伍鵬志,4-1-3,17,6,2026-05-14
心中之星,HK_2025_L271,伍鵬志,4-5-4,43,10,2026-05-14
昇龍戰駒,HK_2025_L330,伍鵬志,2-1-5,40,1,2026-05-14
晨曦鳳凰,HK_2025_L452,伍鵬志,5-2-5,16,1,2026-05-14
步風影,HK_2025_L179,伍鵬志,1-3-2,19,4,2026-05-14
步風雷,HK_2023_J452,伍鵬志,4-2-4,14,7,2026-05-14
精明選擇,HK_2023_J146,伍鵬志,2-1-3,22,10,2026-05-14
綠色最威,HK_2025_L352,伍鵬志,1-1-2,41,1,2026-05-14
綠色鐵驥,HK_2025_L255,伍鵬志,5-3-4,29,4,2026-05-14
錶之翠河,HK_2025_L282,伍鵬志,3-5-4,57,6,2026-05-14
電訊日進,HK_2025_L424,伍鵬志,5-2-4,31,8,2026-05-14
鼓浪高風,HK_2025_L332,伍鵬志,5-1-2,40,8,2026-05-14
唯美主義,HK_2022_H289,伍鵬志,1-4-2,36,5,2026-05-14
應龍飛影,HK_2025_L083,伍鵬志,4-3-2,14,3,2026-05-14
開心旺財,HK_2025_L045,伍鵬志,3-5-4,41,9,2026-05-14
金多囍,HK_2024_K272,伍鵬志,4-2-4,11,4,2026-05-14
我最好,HK_2024_K502,伍鵬志,2-4-4,48,2,2026-05-14
手到再來,HK_2022_H429,伍鵬志,3-2-3,27,1,2026-05-14
文武全能,HK_2024_K402,伍鵬志,3-5-1,13,1,2026-05-14
飛越晨曦,HK_2024_K483,伍鵬志,3-5-1,27,9,2026-05-14
同有運,HK_2022_H349,伍鵬志,3-1-2,19,3,2026-05-14
齊歡最樂,HK_2023_J182,伍鵬志,3-2-2,29,12,2026-05-14
十力,HK_2024_K200,伍鵬志,4-1-5,29,11,2026-05-14
鼓浪高升,HK_2023_J479,伍鵬志,2-4-5,59,2,2026-05-14
同寶寶,HK_2022_H386,伍鵬志,1-5-3,57,3,2026-05-14
L457,HK_2025_L457,伍鵬志,5-1-2,39,10,2026-05-14
奧林比安,HK_2025_L307,伍鵬志,3-3-2,22,4,2026-05-14
燈胆將軍,HK_2024_K218,黎昭昇,5-3-1,30,8,2026-05-14
快活英雄,HK_2023_J346,黎昭昇,5-3-3,38,3,2026-05-14
超力量,HK_2023_J285,黎昭昇,1-3-2,49,5,2026-05-14
騰龍四海,HK_2023_J317,黎昭昇,1-4-5,42,11,2026-05-14
冷娃,HK_2025_L014,黎昭昇,3-2-3,33,6,2026-05-14
國千金,HK_2025_L155,黎昭昇,4-3-5,33,11,2026-05-14
赤海,HK_2025_L195,黎昭昇,2-3-1,34,8,2026-05-14
龍文鞭影,HK_2024_K226,黎昭昇,2-3-1,17,9,2026-05-14
縱橫天地,HK_2025_L410,黎昭昇,1-1-3,47,6,2026-05-14
勇霸龍,HK_2023_J237,黎昭昇,3-3-5,44,5,2026-05-14
競駿飛翔,HK_2023_J291,黎昭昇,4-1-2,13,12,2026-05-14
路飛駒,HK_2025_L380,黎昭昇,3-4-1,50,9,2026-05-14
建測羣英,HK_2022_H070,黎昭昇,4-1-5,46,7,2026-05-14
龍文瑞安,HK_2025_L029,黎昭昇,3-1-5,48,5,2026-05-14
怡昌光輝,HK_2024_K074,黎昭昇,1-5-2,49,4,2026-05-14
有備而戰,HK_2025_L095,黎昭昇,3-3-1,12,3,2026-05-14
椒椒醒,HK_2022_H440,黎昭昇,2-2-2,28,1,2026-05-14
假面騎士,HK_2024_K169,黎昭昇,3-4-2,40,6,2026-05-14
馬馳登,HK_2025_L133,黎昭昇,4-5-5,37,1,2026-05-14
卓越蒨鋒,HK_2023_J231,黎昭昇,2-2-1,17,7,2026-05-14
大回報,HK_2024_K192,黎昭昇,2-3-4,22,6,2026-05-14
睿智多寶,HK_2025_L044,黎昭昇,2-5-2,13,9,2026-05-14
渾身解數,HK_2024_K291,黎昭昇,2-3-4,27,3,2026-05-14
創寶駒,HK_2025_L161,黎昭昇,1-3-5,24,6,2026-05-14
金創福威,HK_2024_K002,黎昭昇,2-3-4,59,11,2026-05-14
多利旺駒,HK_2024_K445,黎昭昇,5-3-2,11,1,2026-05-14
成就非凡,HK_2025_L464,黎昭昇,2-3-4,24,12,2026-05-14
越駿聯歡,HK_2025_L202,黎昭昇,1-4-4,29,6,2026-05-14
飛輪日上,HK_2025_L466,黎昭昇,3-1-1,41,7,2026-05-14
龍文正道,HK_2025_L415,黎昭昇,1-3-1,56,11,2026-05-14
雷神太保,HK_2024_K017,黎昭昇,5-3-3,41,8,2026-05-14
杰遜仔,HK_2025_L036,黎昭昇,2-5-3,50,2,2026-05-14
笑必勝,HK_2025_L274,黎昭昇,2-1-4,50,12,2026-05-14
中環精英,HK_2023_J042,黎昭昇,3-5-2,44,2,2026-05-14
潮流勇駒,HK_2025_L209,黎昭昇,1-5-2,16,12,2026-05-14
拉合爾,HK_2024_K043,黎昭昇,2-2-1,28,5,2026-05-14
星光快驅,HK_2024_K215,黎昭昇,4-2-5,26,3,2026-05-14
縱橫大兄,HK_2025_L012,黎昭昇,5-2-1,39,3,2026-05-14
佳運發,HK_2020_E435,黎昭昇,4-2-2,48,1,2026-05-14
極速滿貫,HK_2021_G277,黎昭昇,5-2-5,59,4,2026-05-14
高感,HK_2023_J515,黎昭昇,1-1-2,40,8,2026-05-14
猛將兄,HK_2024_K089,黎昭昇,1-1-2,12,11,2026-05-14
萬眾開心,HK_2022_H208,黎昭昇,4-1-1,18,11,2026-05-14
夢照發,HK_2022_H168,黎昭昇,3-2-2,43,10,2026-05-14
活得健康,HK_2025_L140,黎昭昇,4-1-4,54,2,2026-05-14
超智多寶,HK_2024_K541,黎昭昇,4-2-1,26,12,2026-05-14
飈誌,HK_2023_J504,黎昭昇,2-2-4,54,1,2026-05-14
跑得好快,HK_2023_J020,黎昭昇,4-1-5,24,11,2026-05-14
城中勇士,HK_2022_H430,黎昭昇,3-1-1,54,3,2026-05-14
建測精英,HK_2024_K198,黎昭昇,2-2-2,18,11,2026-05-14
太勝駒,HK_2024_K124,黎昭昇,3-1-3,34,8,2026-05-14
不假外求,HK_2023_J493,黎昭昇,2-3-4,60,10,2026-05-14
嘉應感恩,HK_2025_L114,黎昭昇,5-4-2,30,11,2026-05-14
浪漫勇士,HK_2020_E486,沈集成,5-2-3,16,1,2026-05-14
喜蓮勇感,HK_2022_H215,沈集成,3-3-3,53,5,2026-05-14
智取神駒,HK_2022_H474,沈集成,3-4-2,12,6,2026-05-14
華麗再勝,HK_2023_J008,沈集成,3-2-3,30,7,2026-05-14
大天王,HK_2025_L113,沈集成,4-5-2,54,11,2026-05-14
熾烈神駒,HK_2023_J157,沈集成,4-5-4,58,9,2026-05-14
浪漫戰神,HK_2024_K012,沈集成,3-5-1,23,9,2026-05-14
好節拍,HK_2023_J519,沈集成,5-5-5,45,9,2026-05-14
凌登,HK_2025_L151,沈集成,4-3-5,48,12,2026-05-14
連連幸運,HK_2024_K010,沈集成,4-1-4,46,6,2026-05-14
綫路英雄,HK_2023_J428,沈集成,3-5-3,33,2,2026-05-14
定風波,HK_2025_L428,沈集成,3-4-4,49,5,2026-05-14
堅有利,HK_2021_G462,沈集成,2-5-4,23,9,2026-05-14
燊威之星,HK_2025_L304,沈集成,1-2-5,15,12,2026-05-14
關鍵所在,HK_2024_K154,沈集成,3-4-3,35,1,2026-05-14
勁無限,HK_2025_L379,沈集成,2-1-5,40,5,2026-05-14
千禧龍,HK_2025_L339,沈集成,1-2-4,32,1,2026-05-14
凡凡有餘,HK_2023_J364,沈集成,5-5-3,42,6,2026-05-14
高山神駒,HK_2025_L334,沈集成,5-3-5,12,8,2026-05-14
上海勇士,HK_2025_L434,沈集成,4-2-5,17,3,2026-05-14
捷駿,HK_2025_L303,沈集成,1-3-1,34,5,2026-05-14
皇者有利,HK_2023_J539,沈集成,5-5-3,46,12,2026-05-14
浪漫鬥士,HK_2025_L240,沈集成,3-4-2,39,1,2026-05-14
贏完又贏,HK_2024_K512,沈集成,5-5-2,52,7,2026-05-14
星願無限,HK_2025_L267,沈集成,2-3-3,29,7,2026-05-14
知道穩勝,HK_2024_K406,沈集成,2-5-2,51,10,2026-05-14
駿馬之曲,HK_2024_K436,沈集成,2-1-2,24,9,2026-05-14
正極,HK_2024_K367,沈集成,4-3-5,38,3,2026-05-14
逍遙人生,HK_2023_J427,沈集成,3-5-4,45,9,2026-05-14
香港神駒,HK_2023_J266,沈集成,1-5-5,47,6,2026-05-14
凱明神駒,HK_2024_K190,沈集成,3-1-4,12,1,2026-05-14
狼來了,HK_2024_K353,沈集成,4-4-4,38,12,2026-05-14
多多好馬,HK_2024_K403,沈集成,5-5-5,36,4,2026-05-14
年年友福,HK_2021_G463,沈集成,1-4-4,58,4,2026-05-14
莊家班,HK_2025_L115,沈集成,4-4-3,58,9,2026-05-14
上浦福旺,HK_2025_L102,沈集成,5-3-4,45,3,2026-05-14
包裝天王,HK_2024_K570,沈集成,1-1-3,30,6,2026-05-14
老鼠斑,HK_2025_L233,沈集成,4-1-5,10,11,2026-05-14
升升雙息,HK_2025_L291,沈集成,1-4-4,54,5,2026-05-14
大丞相,HK_2025_L218,沈集成,5-1-5,47,1,2026-05-14
大勇勝,HK_2025_L331,沈集成,3-1-2,24,2,2026-05-14
總統輝煌,HK_2025_L241,沈集成,4-2-2,50,12,2026-05-14
良言一句,HK_2024_K569,沈集成,2-4-2,47,5,2026-05-14
財駿快駒,HK_2025_L131,沈集成,4-5-4,12,11,2026-05-14
至合拍,HK_2023_J253,沈集成,4-1-2,33,12,2026-05-14
天罡北斗,HK_2025_L064,沈集成,3-4-4,47,2,2026-05-14
有派頭,HK_2023_J093,沈集成,3-5-5,57,6,2026-05-14
驕陽雄心,HK_2024_K553,沈集成,1-2-3,26,10,2026-05-14
鴻圖大展,HK_2025_L138,沈集成,4-3-5,37,11,2026-05-14
有盈勇士,HK_2024_K271,沈集成,1-1-5,22,6,2026-05-14
華麗再贏,HK_2025_L087,沈集成,3-1-4,10,12,2026-05-14
領創動力,HK_2023_J058,沈集成,3-3-2,26,2,2026-05-14
富喜來,HK_2022_H213,沈集成,3-4-3,49,9,2026-05-14
電路一百,HK_2024_K308,沈集成,1-1-5,32,3,2026-05-14
喜樂之星,HK_2025_L235,沈集成,3-1-3,59,6,2026-05-14
旺旺昇叻,HK_2024_K070,沈集成,5-5-4,25,3,2026-05-14
閃電星福,HK_2024_K431,沈集成,5-4-2,46,9,2026-05-14
嘉嘉友福,HK_2024_K456,沈集成,3-5-3,56,7,2026-05-14
過關勇士,HK_2024_K429,沈集成,5-1-1,48,11,2026-05-14
怡昌精神,HK_2022_H379,沈集成,3-4-2,31,7,2026-05-14
喆喆友福,HK_2023_J345,沈集成,1-4-2,11,6,2026-05-14
大浪園田,HK_2024_K209,沈集成,5-5-3,16,7,2026-05-14
始終如一,HK_2023_J392,沈集成,1-1-1,44,10,2026-05-14
志醒大將,HK_2024_K138,沈集成,4-3-5,40,2,2026-05-14
太行美景,HK_2023_J314,沈集成,3-5-4,11,9,2026-05-14
常多笑,HK_2023_J538,沈集成,4-3-3,16,4,2026-05-14
驕陽明駒,HK_2022_H302,蔡約翰,3-5-4,11,12,2026-05-14
精算暴雪,HK_2022_H368,蔡約翰,2-5-1,18,12,2026-05-14
星際快車,HK_2023_J186,蔡約翰,1-4-4,39,12,2026-05-14
安騁,HK_2022_H452,蔡約翰,2-1-1,38,9,2026-05-14
首飾天空,HK_2024_K032,蔡約翰,1-4-4,55,12,2026-05-14
競駿輝煌,HK_2023_J195,蔡約翰,2-5-3,36,3,2026-05-14
永遠美麗,HK_2021_H008,蔡約翰,1-4-5,15,3,2026-05-14
海上大軍,HK_2025_L187,蔡約翰,1-4-5,20,5,2026-05-14
一起美麗,HK_2023_J260,蔡約翰,5-3-3,23,3,2026-05-14
俏眼光,HK_2025_L003,蔡約翰,5-5-2,21,2,2026-05-14
至尊高超,HK_2023_J443,蔡約翰,2-1-3,45,5,2026-05-14
跨境寶馬,HK_2024_K008,蔡約翰,1-3-1,24,10,2026-05-14
綠野飛馳,HK_2024_K245,蔡約翰,1-5-1,43,6,2026-05-14
米奇,HK_2024_K082,蔡約翰,3-1-4,24,3,2026-05-14
安都,HK_2024_K033,蔡約翰,3-3-2,44,8,2026-05-14
安帝,HK_2025_L107,蔡約翰,4-1-3,33,7,2026-05-14
有財有勢,HK_2022_H037,蔡約翰,4-5-1,54,6,2026-05-14
一世美麗,HK_2024_K489,蔡約翰,2-1-2,48,6,2026-05-14
健康快車,HK_2022_H439,蔡約翰,1-1-3,13,9,2026-05-14
安泰,HK_2022_H161,蔡約翰,5-4-2,47,1,2026-05-14
神馳,HK_2023_J321,蔡約翰,3-4-2,34,10,2026-05-14
德心知遇,HK_2023_J133,蔡約翰,1-2-5,29,10,2026-05-14
細水長流,HK_2024_K562,蔡約翰,4-3-5,60,11,2026-05-14
弦力寶,HK_2024_K317,蔡約翰,5-3-5,40,2,2026-05-14
福星小子,HK_2024_K434,蔡約翰,4-1-5,13,11,2026-05-14
嘉應美麗,HK_2025_L243,蔡約翰,3-5-4,16,5,2026-05-14
爆得美麗,HK_2024_K368,蔡約翰,4-4-2,52,7,2026-05-14
紅運光輝,HK_2025_L030,蔡約翰,3-3-4,47,4,2026-05-14
眾志成城,HK_2025_L246,蔡約翰,5-4-3,17,6,2026-05-14
紫氣東來,HK_2025_L376,蔡約翰,1-1-5,29,4,2026-05-14
首飾悟空,HK_2024_K314,蔡約翰,2-3-4,34,12,2026-05-14
辣得準,HK_2023_J520,蔡約翰,5-1-2,60,6,2026-05-14
泰泰精神,HK_2024_K007,蔡約翰,1-2-1,51,8,2026-05-14
跨境駿馬,HK_2025_L022,蔡約翰,1-4-4,19,4,2026-05-14
安可,HK_2024_K252,蔡約翰,1-1-3,40,9,2026-05-14
巧眼光,HK_2023_J542,蔡約翰,4-3-1,19,6,2026-05-14
八仟好運,HK_2024_K582,蔡約翰,2-4-4,28,8,2026-05-14
L442,HK_2025_L442,蔡約翰,1-1-4,43,2,2026-05-14
L443,HK_2025_L443,蔡約翰,4-5-2,29,7,2026-05-14
以戰高鋒,HK_2025_L454,蔡約翰,1-1-5,48,5,2026-05-14
嘉應飛馳,HK_2025_L321,蔡約翰,4-1-1,12,3,2026-05-14
澄心知遇,HK_2025_L446,蔡約翰,5-4-1,43,10,2026-05-14
美麗大獎,HK_2025_L326,蔡約翰,5-1-4,50,10,2026-05-14
鄉村威龍,HK_2025_L325,蔡約翰,1-5-1,23,10,2026-05-14
震撼人心,HK_2025_L420,蔡約翰,1-3-5,59,7,2026-05-14
高刺勇士,HK_2025_L333,蔡約翰,1-4-2,42,8,2026-05-14
鴻圖新星,HK_2023_J323,蔡約翰,4-2-3,53,12,2026-05-14
先到先得,HK_2023_J098,蔡約翰,5-5-4,54,2,2026-05-14
步步合拍,HK_2025_L252,蔡約翰,1-1-5,56,12,2026-05-14
小飛俠,HK_2023_J224,蔡約翰,1-5-2,39,12,2026-05-14
豐功偉績,HK_2024_K480,蔡約翰,4-1-2,33,9,2026-05-14
平海之星,HK_2022_H344,蔡約翰,3-3-4,50,2,2026-05-14
獵寶勤,HK_2023_J304,蔡約翰,1-2-4,13,6,2026-05-14
眼健康,HK_2024_K455,蔡約翰,2-3-1,26,9,2026-05-14
魅力星,HK_2024_K052,蔡約翰,1-1-1,54,5,2026-05-14
大利好運,HK_2022_H234,蔡約翰,2-5-1,59,10,2026-05-14
競駿傳奇,HK_2024_K465,蔡約翰,2-3-2,41,8,2026-05-14
鄉村樂韻,HK_2022_H436,蔡約翰,2-1-1,26,4,2026-05-14
魅力知福,HK_2024_K038,蔡約翰,5-5-1,52,6,2026-05-14
幸運同行,HK_2023_J331,蔡約翰,1-2-5,16,9,2026-05-14
L504,HK_2025_L504,蔡約翰,2-1-4,38,4,2026-05-14
L488,HK_2025_L488,蔡約翰,3-4-4,36,6,2026-05-14
有冠生輝,HK_2025_L309,蔡約翰,4-5-2,55,2,2026-05-14
精算無雙,HK_2025_L438,蔡約翰,1-5-1,12,4,2026-05-14
康樂高球,HK_2023_J517,蘇偉賢,1-1-3,50,4,2026-05-14
昇瀧駒,HK_2023_J141,蘇偉賢,5-5-2,34,4,2026-05-14
喜尊龍,HK_2023_J481,蘇偉賢,3-3-3,38,5,2026-05-14
千帆駒,HK_2025_L153,蘇偉賢,5-1-2,51,1,2026-05-14
巴基之勝,HK_2023_J363,蘇偉賢,3-2-1,12,10,2026-05-14
膨才,HK_2024_K076,蘇偉賢,2-1-1,18,5,2026-05-14
精英高球,HK_2025_L023,蘇偉賢,3-2-3,32,10,2026-05-14
笑喜喜,HK_2024_K136,蘇偉賢,4-1-5,42,12,2026-05-14
臻至辰,HK_2024_K238,蘇偉賢,4-3-3,23,4,2026-05-14
金勝名駒,HK_2022_H461,蘇偉賢,3-5-4,32,1,2026-05-14
勇冠群英,HK_2022_H177,蘇偉賢,1-2-4,49,7,2026-05-14
友駿同心,HK_2025_L214,蘇偉賢,2-5-5,46,8,2026-05-14
勁駿騰飛,HK_2025_L314,蘇偉賢,2-3-3,44,6,2026-05-14
勇闖高峰,HK_2024_K237,蘇偉賢,3-2-1,55,4,2026-05-14
嘉應騰飛,HK_2025_L406,蘇偉賢,3-1-4,52,10,2026-05-14
智勝一籌,HK_2025_L249,蘇偉賢,5-3-4,20,10,2026-05-14
威力飛騰,HK_2025_L247,蘇偉賢,3-5-1,16,12,2026-05-14
星價,HK_2024_K093,蘇偉賢,2-3-1,35,2,2026-05-14
智勝策略,HK_2025_L173,蘇偉賢,1-2-4,53,10,2026-05-14
十二神將,HK_2022_H435,蘇偉賢,2-1-1,47,2,2026-05-14
新力好,HK_2023_J118,蘇偉賢,4-3-5,36,7,2026-05-14
俊才,HK_2024_K013,蘇偉賢,2-3-1,51,4,2026-05-14
醒目先駒,HK_2024_K006,蘇偉賢,4-3-1,54,5,2026-05-14
馬寶寶,HK_2024_K586,蘇偉賢,3-2-1,43,12,2026-05-14
綫路萬里,HK_2022_H475,蘇偉賢,3-4-1,18,8,2026-05-14
賢知友您,HK_2024_K545,蘇偉賢,5-5-3,19,8,2026-05-14
笑盈喜,HK_2024_K573,蘇偉賢,5-5-4,21,9,2026-05-14
勇騎飛,HK_2025_L146,蘇偉賢,3-1-4,57,1,2026-05-14
勝萬家,HK_2025_L318,蘇偉賢,5-2-5,42,12,2026-05-14
帝豪先鋒,HK_2024_K499,蘇偉賢,2-4-1,51,7,2026-05-14
彪形勇將,HK_2025_L178,蘇偉賢,5-1-3,14,3,2026-05-14
文采風流,HK_2025_L021,蘇偉賢,5-4-4,34,12,2026-05-14
新力風升,HK_2025_L390,蘇偉賢,5-5-4,56,9,2026-05-14
新力飆,HK_2024_K177,蘇偉賢,5-3-5,50,5,2026-05-14
洪才,HK_2024_K487,蘇偉賢,3-5-1,37,12,2026-05-14
熊啤啤,HK_2025_L451,蘇偉賢,5-3-5,30,7,2026-05-14
綫路寶寶,HK_2024_K463,蘇偉賢,3-3-3,46,9,2026-05-14
豐勝多彩,HK_2025_L324,蘇偉賢,1-3-3,18,2,2026-05-14
豐才,HK_2025_L419,蘇偉賢,3-5-2,19,2,2026-05-14
銳不可當,HK_2025_L205,蘇偉賢,5-1-3,54,9,2026-05-14
電子紅心,HK_2024_K497,蘇偉賢,5-5-4,49,12,2026-05-14
領駿精彩,HK_2025_L344,蘇偉賢,1-3-3,32,6,2026-05-14
鬥志,HK_2025_L286,蘇偉賢,3-1-1,29,11,2026-05-14
鸚姿威鵡,HK_2025_L063,蘇偉賢,1-4-2,32,12,2026-05-14
友聲友色,HK_2024_K441,蘇偉賢,5-5-4,53,1,2026-05-14
火神神樂,HK_2022_H384,蘇偉賢,1-1-3,33,2,2026-05-14
經典多寶,HK_2025_L212,蘇偉賢,3-3-2,13,8,2026-05-14
電子騰飛,HK_2025_L181,蘇偉賢,3-5-3,39,4,2026-05-14
智勝勳章,HK_2024_K521,蘇偉賢,4-5-1,38,4,2026-05-14
兄弟再盈,HK_2024_K045,蘇偉賢,5-2-1,40,6,2026-05-14
萬里鵬躍,HK_2025_L009,蘇偉賢,3-2-1,46,10,2026-05-14
新力驕,HK_2023_J223,蘇偉賢,5-1-3,12,10,2026-05-14
多利神駒,HK_2021_G292,蘇偉賢,5-4-3,49,11,2026-05-14
瑰麗人生,HK_2022_H044,蘇偉賢,5-2-3,57,9,2026-05-14
果然僥倖,HK_2022_H252,蘇偉賢,4-3-5,17,11,2026-05-14
風起雲湧,HK_2023_J183,蘇偉賢,5-1-2,58,7,2026-05-14
多彩多姿,HK_2023_J312,蘇偉賢,1-3-4,47,5,2026-05-14
競駿奔騰,HK_2024_K029,蘇偉賢,5-4-1,10,10,2026-05-14
綫路達飛,HK_2023_J501,蘇偉賢,1-1-3,34,1,2026-05-14
型到爆,HK_2021_H011,蘇偉賢,1-4-4,13,12,2026-05-14
常常感恩,HK_2023_J065,蘇偉賢,3-3-1,42,6,2026-05-14
科創世紀,HK_2024_K113,蘇偉賢,1-3-1,33,12,2026-05-14
熊噹噹,HK_2021_H002,蘇偉賢,4-1-3,15,10,2026-05-14
駿先生,HK_2022_H180,蘇偉賢,3-5-2,38,7,2026-05-14
上市魅力,HK_2022_H196,蘇偉賢,4-3-3,13,1,2026-05-14
東昇鉞,HK_2023_J264,蘇偉賢,3-3-1,35,3,2026-05-14
皇金風速,HK_2020_E448,蘇偉賢,2-5-3,57,1,2026-05-14
L480,HK_2025_L480,蘇偉賢,4-1-4,37,7,2026-05-14
L474,HK_2025_L474,蘇偉賢,2-1-5,60,9,2026-05-14
L469,HK_2025_L469,蘇偉賢,4-2-4,58,6,2026-05-14
L484,HK_2025_L484,蘇偉賢,4-2-4,13,3,2026-05-14
小鳥天堂,HK_2024_K246,丁冠豪,4-5-1,51,6,2026-05-14
大浪圖田,HK_2023_J197,丁冠豪,3-1-5,59,5,2026-05-14
輝煌精英,HK_2022_H311,丁冠豪,3-4-2,52,1,2026-05-14
驥跑得,HK_2024_K206,丁冠豪,4-2-2,48,9,2026-05-14
陽光築影,HK_2025_L370,丁冠豪,2-3-2,20,4,2026-05-14
摯友勝,HK_2025_L092,丁冠豪,5-3-4,11,11,2026-05-14
都靈福星,HK_2022_H165,丁冠豪,3-2-4,44,6,2026-05-14
超勝無敵,HK_2024_K386,丁冠豪,3-4-1,33,3,2026-05-14
閃光燈,HK_2023_J500,丁冠豪,1-3-1,46,4,2026-05-14
天天友福,HK_2024_K302,丁冠豪,4-5-2,55,4,2026-05-14
開心宇宙,HK_2023_J533,丁冠豪,4-3-5,52,3,2026-05-14
魯班精神,HK_2023_J233,丁冠豪,2-4-2,39,2,2026-05-14
常嚐發財,HK_2024_K293,丁冠豪,2-4-2,55,7,2026-05-14
定數,HK_2022_H438,丁冠豪,1-4-5,36,10,2026-05-14
幸運二十,HK_2024_K392,丁冠豪,4-1-3,38,9,2026-05-14
領航財子,HK_2023_J305,丁冠豪,5-2-1,10,12,2026-05-14
天風雲,HK_2024_K447,丁冠豪,1-4-5,57,4,2026-05-14
沐風凜凜,HK_2025_L449,丁冠豪,3-2-5,50,6,2026-05-14
浩然,HK_2025_L392,丁冠豪,1-2-3,46,3,2026-05-14
玄宇宙,HK_2025_L257,丁冠豪,5-3-1,13,5,2026-05-14
紅日傾城,HK_2025_L343,丁冠豪,1-5-4,45,6,2026-05-14
文明福星,HK_2023_J315,丁冠豪,3-5-4,47,3,2026-05-14
發財金鞍,HK_2025_L090,丁冠豪,5-3-4,31,1,2026-05-14
一風雲,HK_2024_K336,丁冠豪,5-5-1,41,8,2026-05-14
平天雄,HK_2024_K407,丁冠豪,1-1-5,31,12,2026-05-14
君達得,HK_2022_H392,丁冠豪,3-4-1,13,4,2026-05-14
金快飛飛,HK_2024_K121,丁冠豪,4-2-5,31,5,2026-05-14
前衛火影,HK_2024_K103,丁冠豪,2-5-4,32,4,2026-05-14
友得盈,HK_2024_K106,丁冠豪,1-1-1,32,1,2026-05-14
隼風雲,HK_2024_K459,丁冠豪,3-5-1,26,10,2026-05-14
寶成智星,HK_2023_J135,丁冠豪,3-2-3,20,1,2026-05-14
洛河,HK_2023_J308,丁冠豪,4-5-1,20,9,2026-05-14
發財金戈,HK_2024_K457,丁冠豪,4-4-4,16,1,2026-05-14
怪獸叉燒,HK_2024_K415,丁冠豪,1-2-5,21,6,2026-05-14
皇金合,HK_2024_K099,丁冠豪,5-4-4,34,11,2026-05-14
戰騎飛,HK_2023_J294,丁冠豪,5-2-4,16,9,2026-05-14
風雲,HK_2023_J371,丁冠豪,2-4-3,51,1,2026-05-14
幻影旋風,HK_2023_J271,丁冠豪,2-3-3,35,9,2026-05-14
永勝金駒,HK_2022_H471,丁冠豪,3-2-2,47,7,2026-05-14
勁爽,HK_2023_J003,丁冠豪,3-3-1,38,2,2026-05-14
L491,HK_2025_L491,丁冠豪,1-3-4,23,12,2026-05-14
東權至寶,HK_2025_L418,丁冠豪,2-4-3,53,7,2026-05-14
燭光晚餐,HK_2023_J468,徐雨石,1-3-5,37,8,2026-05-14
幸運派彩,HK_2024_K313,徐雨石,3-2-3,11,4,2026-05-14
鑽石星空,HK_2023_J275,徐雨石,1-5-1,52,1,2026-05-14
L435,HK_2025_L435,徐雨石,5-3-3,12,9,2026-05-14
豐辰,HK_2024_K004,徐雨石,4-5-2,48,3,2026-05-14
隨想曲,HK_2025_L154,徐雨石,2-3-5,53,7,2026-05-14
丞匡掠影,HK_2025_L168,徐雨石,3-1-3,41,2,2026-05-14
電訊巴打,HK_2019_D482,徐雨石,2-5-2,59,9,2026-05-14
飛馬座,HK_2025_L075,徐雨石,5-5-3,51,2,2026-05-14
天然數字,HK_2025_L166,徐雨石,2-5-2,13,5,2026-05-14
勝兄弟,HK_2025_L381,徐雨石,2-5-1,60,5,2026-05-14
無敵好瑪,HK_2025_L312,徐雨石,2-4-4,24,7,2026-05-14
爭氣,HK_2025_L404,徐雨石,5-5-1,50,5,2026-05-14
表廠傳奇,HK_2025_L313,徐雨石,3-1-4,43,12,2026-05-14
銳喜,HK_2025_L284,徐雨石,4-1-4,33,12,2026-05-14
馬錢子,HK_2025_L053,徐雨石,2-5-1,45,7,2026-05-14
巨靈神,HK_2025_L169,徐雨石,2-1-3,18,3,2026-05-14
暴風之子,HK_2024_K176,徐雨石,3-3-2,31,6,2026-05-14
手到齊來,HK_2023_J531,徐雨石,1-1-5,38,12,2026-05-14
星火燎原,HK_2023_J150,徐雨石,1-4-3,31,6,2026-05-14
巴閉仔,HK_2022_H298,徐雨石,4-3-5,42,12,2026-05-14
勁步速,HK_2024_K351,徐雨石,5-4-5,31,9,2026-05-14
廚神,HK_2024_K264,徐雨石,5-4-5,38,6,2026-05-14
忠良烈漢,HK_2025_L360,徐雨石,4-4-1,22,1,2026-05-14
閃電奇駿,HK_2025_L362,徐雨石,1-4-2,27,7,2026-05-14
天寶威威,HK_2025_L296,徐雨石,4-4-3,26,9,2026-05-14
巴閉哥,HK_2021_G335,徐雨石,1-1-5,29,7,2026-05-14
午夜快車,HK_2023_J510,徐雨石,2-5-4,49,12,2026-05-14
無比小子,HK_2025_L259,徐雨石,4-5-3,18,12,2026-05-14
快又醒,HK_2023_J198,徐雨石,5-2-5,20,4,2026-05-14
領袖勁力,HK_2025_L034,徐雨石,1-1-5,39,8,2026-05-14
駿皇逸,HK_2024_K330,徐雨石,2-5-1,52,10,2026-05-14
英雄豪邁,HK_2021_G394,徐雨石,3-1-5,51,6,2026-05-14
勁騷,HK_2024_K047,徐雨石,4-5-2,16,3,2026-05-14
新強福盈,HK_2023_J063,徐雨石,3-2-4,45,7,2026-05-14
傳承效應,HK_2024_K035,徐雨石,5-4-3,27,11,2026-05-14
電訊驕陽,HK_2023_J332,徐雨石,3-2-4,56,8,2026-05-14
銀亮濠俠,HK_2023_J532,徐雨石,3-5-3,57,8,2026-05-14
本能,HK_2024_K289,徐雨石,5-3-4,22,10,2026-05-14
歷險大將,HK_2023_J344,徐雨石,4-5-4,25,1,2026-05-14
海洋帝君,HK_2024_K230,徐雨石,2-2-2,26,4,2026-05-14
L477,HK_2025_L477,徐雨石,5-1-4,49,1,2026-05-14
L479,HK_2025_L479,徐雨石,2-5-1,52,1,2026-05-14
L501,HK_2025_L501,徐雨石,5-1-2,26,6,2026-05-14
韋金主,HK_2024_K061,韋達,4-5-3,15,1,2026-05-14
會長之寶,HK_2023_J295,韋達,2-3-2,27,3,2026-05-14
踏雪尋梅,HK_2024_K451,韋達,2-5-3,31,5,2026-05-14
星月飛雲,HK_2024_K363,韋達,5-3-5,24,12,2026-05-14
星幻,HK_2025_L123,韋達,1-3-3,45,3,2026-05-14
紅逸舍,HK_2022_H241,韋達,2-4-3,25,7,2026-05-14
電光高昇,HK_2025_L375,韋達,2-2-4,12,4,2026-05-14
龍城上將,HK_2025_L300,韋達,3-3-4,34,11,2026-05-14
龍城精將,HK_2024_K203,韋達,3-2-2,49,12,2026-05-14
十分愛,HK_2025_L371,韋達,5-2-3,58,12,2026-05-14
撼天鐵翼,HK_2022_H162,韋達,2-1-4,18,1,2026-05-14
喜豐年,HK_2025_L185,韋達,5-2-1,26,10,2026-05-14
紫辰之星,HK_2025_L149,韋達,1-5-4,25,4,2026-05-14
大學生,HK_2022_H116,韋達,3-1-2,15,6,2026-05-14
當家精彩,HK_2024_K322,韋達,4-4-2,14,10,2026-05-14
競駿非凡,HK_2023_J401,韋達,4-3-3,20,7,2026-05-14
紅愛舍,HK_2022_H110,韋達,2-5-1,18,1,2026-05-14
光輝所願,HK_2022_H373,韋達,3-4-4,18,12,2026-05-14
電玩精英,HK_2022_H356,韋達,5-4-3,13,1,2026-05-14
龍城強將,HK_2022_H095,韋達,1-4-2,12,9,2026-05-14
勝多多,HK_2022_H407,韋達,4-2-4,37,2,2026-05-14
天火同人,HK_2020_E175,韋達,5-3-1,24,3,2026-05-14
家傳之寶,HK_2024_K490,韋達,1-3-5,35,2,2026-05-14
將傲,HK_2025_L277,韋達,5-4-5,35,5,2026-05-14
星光大道,HK_2025_L194,韋達,1-3-5,22,4,2026-05-14
熱氣球,HK_2024_K144,韋達,4-1-2,15,4,2026-05-14
祥發寬瑩,HK_2024_K488,韋達,5-2-2,57,9,2026-05-14
顏色的顏,HK_2025_L054,韋達,2-2-2,21,6,2026-05-14
烈焰光芒,HK_2025_L142,韋達,3-2-5,41,12,2026-05-14
威威神駒,HK_2024_K565,韋達,3-2-5,38,10,2026-05-14
美獅魚,HK_2025_L176,韋達,2-1-3,19,11,2026-05-14
花好月盈,HK_2022_H317,韋達,3-2-5,40,1,2026-05-14
利不可擋,HK_2023_J458,韋達,5-3-1,24,9,2026-05-14
金鑽精靈,HK_2023_J397,韋達,1-3-5,10,8,2026-05-14
天使之聲,HK_2023_J336,韋達,1-4-2,30,1,2026-05-14
蜜蜜送,HK_2023_J502,韋達,1-4-4,36,10,2026-05-14
八心之星,HK_2024_K536,韋達,2-1-4,10,2,2026-05-14
同喜,HK_2023_J403,韋達,1-1-3,50,11,2026-05-14
佳佳友,HK_2025_L069,韋達,2-4-5,43,3,2026-05-14
勇者無敵,HK_2024_K217,韋達,5-2-2,59,6,2026-05-14
至高心得,HK_2023_J395,韋達,3-4-1,44,5,2026-05-14
大力猴王,HK_2021_G307,韋達,4-5-1,29,2,2026-05-14
花香月明,HK_2024_K276,韋達,1-2-2,40,9,2026-05-14
迅意,HK_2024_K250,韋達,2-1-5,12,4,2026-05-14
紅旺繽紛,HK_2023_J255,韋達,4-5-1,38,12,2026-05-14
天火同德,HK_2023_J441,韋達,3-5-2,19,8,2026-05-14
L455,HK_2025_L455,韋達,4-3-1,26,1,2026-05-14
博士生,HK_2025_L351,韋達,3-4-5,52,12,2026-05-14
紅悅舍,HK_2025_L355,韋達,1-1-5,42,10,2026-05-14
銀騎士,HK_2025_L236,韋達,1-1-1,52,9,2026-05-14
舉步生風,HK_2023_J358,葉楚航,5-2-3,58,9,2026-05-14
榮駿大道,HK_2024_K474,葉楚航,2-2-3,47,4,2026-05-14
價值傳承,HK_2025_L170,葉楚航,2-5-5,44,4,2026-05-14
不同世界,HK_2024_K005,葉楚航,2-2-5,34,2,2026-05-14
北地烈馬,HK_2023_J488,葉楚航,2-3-2,20,8,2026-05-14
亨驥,HK_2024_K294,葉楚航,5-2-4,38,7,2026-05-14
優才,HK_2023_J536,葉楚航,3-2-3,39,12,2026-05-14
戀愛最火,HK_2025_L394,葉楚航,3-5-2,18,10,2026-05-14
富國兄弟,HK_2023_J396,葉楚航,3-4-2,53,3,2026-05-14
抱百嶺,HK_2024_K519,葉楚航,3-2-5,11,10,2026-05-14
贏得自然,HK_2023_J365,葉楚航,4-4-3,30,5,2026-05-14
愛國者,HK_2024_K170,葉楚航,1-1-5,60,10,2026-05-14
支付之父,HK_2025_L159,葉楚航,3-3-1,28,7,2026-05-14
光明傳承,HK_2023_J215,葉楚航,5-1-2,45,1,2026-05-14
戀愛狂,HK_2024_K118,葉楚航,4-5-5,18,10,2026-05-14
今明更好,HK_2025_L363,葉楚航,2-3-3,21,3,2026-05-14
出類拔萃,HK_2025_L253,葉楚航,3-2-1,52,5,2026-05-14
文明戰士,HK_2025_L287,葉楚航,4-1-3,58,6,2026-05-14
日出沙頭,HK_2025_L145,葉楚航,3-1-3,44,11,2026-05-14
火流星,HK_2025_L426,葉楚航,2-1-3,16,6,2026-05-14
珍珠傳承,HK_2025_L272,葉楚航,4-1-4,46,5,2026-05-14
精益飛駒,HK_2025_L386,葉楚航,4-1-1,47,1,2026-05-14
贏得自在,HK_2025_L349,葉楚航,3-3-4,29,10,2026-05-14
領駿先鋒,HK_2025_L359,葉楚航,5-2-4,26,12,2026-05-14
風騷大師,HK_2024_K556,葉楚航,3-5-2,11,10,2026-05-14
高明豐勝,HK_2025_L128,葉楚航,1-4-5,23,7,2026-05-14
好運年,HK_2024_K443,葉楚航,2-1-5,10,9,2026-05-14
皇者威楓,HK_2025_L158,葉楚航,1-2-3,39,10,2026-05-14
觀萬象,HK_2025_L060,葉楚航,3-3-5,11,11,2026-05-14
豪邁先登,HK_2025_L180,葉楚航,1-2-5,25,6,2026-05-14
金絲楠木,HK_2024_K527,葉楚航,1-2-1,42,4,2026-05-14
大才,HK_2021_G192,葉楚航,5-3-1,21,12,2026-05-14
杭至尊,HK_2025_L043,葉楚航,2-4-1,22,2,2026-05-14
神異金剛,HK_2024_K109,葉楚航,1-2-1,50,7,2026-05-14
好精神,HK_2023_J155,葉楚航,2-5-3,25,7,2026-05-14
寫我其誰,HK_2025_L048,葉楚航,5-3-2,53,12,2026-05-14
駿美一生,HK_2025_L085,葉楚航,4-3-1,56,2,2026-05-14
靖哥哥,HK_2024_K503,葉楚航,1-3-4,17,6,2026-05-14
韋少寶,HK_2024_K540,葉楚航,5-4-5,19,8,2026-05-14
趣盈,HK_2024_K539,葉楚航,1-4-5,19,11,2026-05-14
精益大師,HK_2022_H134,葉楚航,5-3-3,32,12,2026-05-14
耀昌勝世,HK_2023_J529,葉楚航,3-1-4,53,6,2026-05-14
不勞而獲,HK_2024_K377,葉楚航,4-2-4,24,10,2026-05-14
最好玩,HK_2022_H442,葉楚航,4-2-5,11,10,2026-05-14
揚威四海,HK_2024_K120,葉楚航,2-3-2,57,1,2026-05-14
香港精神,HK_2019_D241,葉楚航,4-1-1,19,2,2026-05-14
陸小鳳,HK_2024_K282,葉楚航,5-3-5,32,2,2026-05-14
勝在有型,HK_2024_K241,葉楚航,4-1-1,32,1,2026-05-14
小皇爺,HK_2023_J546,葉楚航,5-4-2,13,10,2026-05-14
鑽得勝,HK_2024_K216,葉楚航,5-3-4,48,11,2026-05-14
天比高,HK_2024_K339,葉楚航,3-1-1,60,4,2026-05-14
神燦金剛,HK_2024_K259,葉楚航,3-5-3,27,4,2026-05-14
L473,HK_2025_L473,葉楚航,2-5-1,21,1,2026-05-14
紫電王,HK_2025_L387,葉楚航,5-1-3,49,10,2026-05-14
通情達理,HK_2025_L183,葉楚航,2-5-4,41,2,2026-05-14
遨遊氣泡,HK_2020_E436,姚本輝,1-3-3,55,4,2026-05-14
陽光勇士,HK_2022_H244,姚本輝,5-4-3,25,3,2026-05-14
非惟僥倖,HK_2023_J050,姚本輝,5-4-4,29,12,2026-05-14
樂勝天下,HK_2023_J540,姚本輝,2-2-5,58,5,2026-05-14
扶搖勢勁,HK_2024_K236,姚本輝,3-4-4,41,11,2026-05-14
皇龍飛將,HK_2023_J279,姚本輝,5-2-2,56,6,2026-05-14
一定掂,HK_2023_J225,姚本輝,1-1-2,55,8,2026-05-14
天賜喜,HK_2024_K026,姚本輝,5-4-3,38,3,2026-05-14
駿奕快車,HK_2023_J188,姚本輝,2-3-4,30,9,2026-05-14
火悟空,HK_2024_K335,姚本輝,1-1-1,43,11,2026-05-14
盈好威楓,HK_2024_K131,姚本輝,5-2-4,45,12,2026-05-14
超寫意,HK_2024_K469,姚本輝,2-5-1,24,11,2026-05-14
重情重義,HK_2025_L311,姚本輝,5-2-4,14,6,2026-05-14
超輕鬆,HK_2025_L148,姚本輝,5-2-3,28,12,2026-05-14
大文豪,HK_2025_L134,姚本輝,1-1-5,33,7,2026-05-14
魅影戈飛,HK_2024_K183,姚本輝,5-5-4,40,9,2026-05-14
駿毅快車,HK_2025_L397,姚本輝,1-1-3,28,9,2026-05-14
高士威勁,HK_2025_L196,姚本輝,4-2-5,56,4,2026-05-14
皇仁歡星,HK_2023_J278,姚本輝,4-4-1,35,7,2026-05-14
自然動力,HK_2024_K256,姚本輝,2-5-2,37,7,2026-05-14
勁大威猛,HK_2022_H450,姚本輝,1-2-2,31,4,2026-05-14
勇進駒,HK_2024_K575,姚本輝,4-4-5,37,7,2026-05-14
包裝明將,HK_2025_L013,姚本輝,4-2-1,60,1,2026-05-14
天福,HK_2024_K167,姚本輝,2-5-2,29,12,2026-05-14
準輝煌,HK_2023_J273,姚本輝,5-4-1,46,1,2026-05-14
輕功猛男,HK_2023_J513,姚本輝,4-5-4,16,12,2026-05-14
輝灑自如,HK_2025_L281,姚本輝,5-2-1,29,4,2026-05-14
超加加,HK_2023_J486,姚本輝,1-4-3,21,9,2026-05-14
飛輪霸,HK_2024_K320,姚本輝,5-4-3,57,9,2026-05-14
你知我得,HK_2022_H278,姚本輝,2-2-5,41,10,2026-05-14
千杯敬典,HK_2022_H321,姚本輝,5-5-5,42,11,2026-05-14
日馳千里,HK_2023_J143,姚本輝,5-3-4,56,11,2026-05-14
利高八斗,HK_2024_K542,姚本輝,1-4-4,29,7,2026-05-14
旌採,HK_2024_K498,姚本輝,2-3-2,58,7,2026-05-14
各絲各法,HK_2025_L164,姚本輝,2-2-3,45,8,2026-05-14
愛心萬里,HK_2025_L165,姚本輝,3-5-4,35,5,2026-05-14
數據派,HK_2025_L262,姚本輝,2-5-1,47,5,2026-05-14
明德輝煌,HK_2025_L298,姚本輝,3-2-3,34,4,2026-05-14
極速神影,HK_2025_L204,姚本輝,5-5-5,45,11,2026-05-14
皇龍天將,HK_2025_L198,姚本輝,3-3-1,29,6,2026-05-14
盈妮威楓,HK_2025_L261,姚本輝,4-4-3,18,11,2026-05-14
笑看風雲,HK_2025_L162,姚本輝,4-4-5,40,9,2026-05-14
精益大將,HK_2024_K546,姚本輝,1-3-5,59,12,2026-05-14
遨遊首領,HK_2025_L001,姚本輝,4-1-4,50,11,2026-05-14
醒先生,HK_2025_L448,姚本輝,5-1-5,59,6,2026-05-14
風火恆雲,HK_2022_H388,姚本輝,3-4-5,31,1,2026-05-14
瑞祺威楓,HK_2024_K009,姚本輝,3-5-4,20,10,2026-05-14
仁者荃承,HK_2024_K496,姚本輝,5-5-3,27,1,2026-05-14
你知我寶,HK_2025_L132,姚本輝,2-5-3,36,11,2026-05-14
傳承精神,HK_2025_L156,姚本輝,2-4-4,46,7,2026-05-14
又要威,HK_2024_K522,姚本輝,2-2-2,11,1,2026-05-14
得意佳作,HK_2021_G125,姚本輝,3-2-3,16,1,2026-05-14
捷威,HK_2024_K547,姚本輝,4-1-5,43,10,2026-05-14
凌風傲雪,HK_2024_K025,姚本輝,3-1-1,12,12,2026-05-14
時間寶,HK_2022_H403,姚本輝,2-5-4,27,2,2026-05-14
大數據,HK_2022_H230,姚本輝,4-2-5,29,6,2026-05-14
全神貫注,HK_2022_H465,姚本輝,3-5-2,22,8,2026-05-14
君智盛,HK_2023_J213,姚本輝,4-4-3,52,9,2026-05-14
東方寶寶,HK_2023_J309,姚本輝,4-5-5,13,6,2026-05-14
捷足奔馳,HK_2023_J524,姚本輝,4-4-5,28,11,2026-05-14
極速之子,HK_2022_H332,姚本輝,4-5-1,34,9,2026-05-14
東方福寶,HK_2024_K115,姚本輝,3-5-5,30,5,2026-05-14
L492,HK_2025_L492,姚本輝,2-3-2,14,3,2026-05-14
愛飛豪俠,HK_2025_L367,姚本輝,5-2-5,30,7,2026-05-14
永福,HK_2025_L317,姚本輝,3-1-1,54,4,2026-05-14
滿鴻利,HK_2025_L439,姚本輝,3-2-5,11,10,2026-05-14
皇仁新星,HK_2025_L191,姚本輝,5-4-5,23,8,2026-05-14
魅影諜飛,HK_2025_L444,姚本輝,3-5-3,26,10,2026-05-14